23999846,20130901,article,mesh,"Aged, 80 and over,Air Pollutants,Asthma,Biomarkers,Breath Tests,Butadienes,Equipment Design,Exhalation,Female,Hemiterpenes,Humans,Male,Nitric Oxide,Ozone,Pentanes,Pilot Projects","adverse effects,analysis,instrumentation,metabolism","D002070 Q000032 NY,D010126 Q000032 NY,D001249 Q000378 NY,D000393 Q000009 NN,D009569 Q000032 NY,D045782 Q000032 NY,D001944 Q000295 NN,D000393 Q000032 NY,D015415 Q000032 NN,D010420 Q000032 NY","6557,24823,145068",NULL,Relations between isoprene and nitric oxide in exhaled breath and the potential influence of outdoor ozone: a pilot study.,"The role of endogenous isoprene in the human body, if any, is unclear because previous research is inconsistent and mechanistic evidence for the biologic function of isoprene is lacking. Given previous evidence that exhaled isoprene is elevated in systemic inflammatory states, we hypothesized that exhaled isoprene would be positively associated with a breath biomarker of airway inflammation, the fractional concentration of exhaled nitric oxide (FENO). We examined relationships of exhaled breath isoprene wit",Journal of breath research,"Alya Khan, Norbert Staimer, Thomas Tjoa, Pietro Galassetti, Donald R Blake, Ralph J Delfino"," Division of Occupational and Environmental Medicine, Department of Medicine, University of California, Irvine, CA, USA.",2013 Sep;7(3):036007,10.1088/1752-7155/7/3/036007
11743121,20011201,article,"xref,mesh","Antioxidants,Butadienes,Cell Membrane,Fosfomycin,Hemiterpenes,Hydrogen Peroxide,Lipid Peroxidation,Oxidative Stress,Ozone,Pentanes,Photosynthesis,Plant Leaves,Poaceae,Reactive Oxygen Species","analogs &amp; derivatives,drug effects,metabolism,pharmacology","D000975 Q000378 NN,D017382 Q000378 NN,D018515 Q000378 NY,D015227 Q000187 NN,D005578 Q000494 NN,D005578 Q000031 NY,D002462 Q000187 NN,D006861 Q000378 NN,D010126 Q000494 NY,D010788 Q000187 NY,D006109 Q000378 NY,D002070 Q000378 NY,D002462 Q000378 NN","572,784,3417,6557,24823,54331,441029,446987,5141362,6604158,6992020,25162944,25244760","127964616,129170463,129815629","Isoprene produced by leaves protects the photosynthetic apparatus against ozone damage, quenches ozone products, and reduces lipid peroxidation of cellular membranes.","Many plants invest carbon to form isoprene. The role of isoprene in plants is unclear, but many experiments showed that isoprene may have a role in protecting plants from thermal damage. A more general antioxidant action has been recently hypothesized on the basis of the protection offered by exogenous isoprene in nonemitting plants exposed to acute ozone doses. We inhibited the synthesis of endogenous isoprene by feeding fosmidomycin and observed that Phragmites australis leaves became more sensitive to oz",Plant physiology,"F Loreto, V Velikova"," Consiglio Nazionale delle Richerche, Istituto di Biochimica ed Ecofisiologia Vegetali, Rome, Italy. franci@mlib.cnr.it",2001 Dec;127(4):1781-7,10.1104/pp.127.4.1781
24102245,20140101,article,mesh,"Abscisic Acid,Biomass,Butadienes,Droughts,Hemiterpenes,Lipid Peroxidation,Oxidative Stress,Pentanes,Photosynthesis,Photosystem II Protein Complex,Plant Growth Regulators,Plant Leaves,Plants, Genetically Modified,Reactive Oxygen Species,Tobacco,Water","growth &amp; development,metabolism,physiology","D000040 Q000378 NN,D014867 Q000502 NY,D018515 Q000378 NN,D014026 Q000502 NY,D045332 Q000378 NN,D045782 Q000378 NY,D017382 Q000378 NN,D018515 Q000502 NN,D014026 Q000378 NN,D010420 Q000378 NY,D014026 Q000254 NN,D010937 Q000378 NN,D002070 Q000378 NY","962,6557,287291,643732,5280896,5375199,5375200,5702609,131954763",NULL,Isoprene emission protects photosynthesis but reduces plant productivity during drought in transgenic tobacco (Nicotiana tabacum) plants.,"Isoprene protects the photosynthetic apparatus of isoprene-emitting plants from oxidative stress. The role of isoprene in the response of plants to drought is less clear. Water was withheld from transgenic isoprene-emitting and non-emitting tobacco (Nicotiana tabacum) plants, to examine: the response of isoprene emission to plant water deficit; a possible relationship between concentrations of the drought-induced phytohormone abscisic acid (ABA) and isoprene; and whether isoprene affected foliar reactive ox",The New phytologist,"Annette C Ryan, C Nicholas Hewitt, Malcolm Possell, Claudia E Vickers, Anna Purnell, Philip M Mullineaux, William J Davies, Ian C Dodd"," Lancaster Environment Centre, Lancaster University, Lancaster, LA1 4YQ, UK.",2014 Jan;201(1):205-16,10.1111/nph.12477
24676032,20140401,article,mesh,"Arabidopsis,Butadienes,Carbon Dioxide,Chlorophyll,Chloroplasts,Electron Transport,Hemiterpenes,Hot Temperature,Pentanes,Photosynthesis,Plant Leaves,Populus,Stress, Physiological,Tobacco","chemistry,metabolism,physiology","D032107 Q000737 NY,D002245 Q000378 NN,D045782 Q000378 NY,D018515 Q000502 NN,D014026 Q000502 NN,D032107 Q000502 NN,D002734 Q000378 NN,D010420 Q000378 NY,D014026 Q000737 NY,D002736 Q000378 NN,D002070 Q000378 NY,D017360 Q000502 NN,D017360 Q000737 NY,D010788 Q000502 NN,D018515 Q000737 NN","280,6557,5748352,6449992",NULL,Isoprene improves photochemical efficiency and enhances heat dissipation in plants at physiological temperatures.,"Isoprene-emitting plants are better protected against thermal and oxidative stresses. Isoprene may strengthen membranes avoiding their denaturation and may quench reactive oxygen and nitrogen species, achieving a similar protective effect. The physiological role of isoprene in unstressed plants, up to now, is not understood. It is shown here, by monitoring the non-photochemical quenching (NPQ) of chlorophyll fluorescence of leaves with chemically or genetically altered isoprene biosynthesis, that chloroplas",Journal of experimental botany,"Susanna Pollastri, Tsonko Tsonev, Francesco Loreto"," The National Research Council of Italy (CNR), Department of Biology, Agriculture and Food Sciences, Institute for Plant Protection, Via Madonna del Piano 10, 50019 Sesto Fiorentino (Florence), Italy.",2014 Apr;65(6):1565-70,10.1093/jxb/eru033
28798754,20170101,review,NULL,NULL,NULL,NULL,NULL,NULL,Isoprene Responses and Functions in Plants Challenged by Environmental Pressures Associated to Climate Change.,"The functional reasons for isoprene emission are still a matter of hot debate. It was hypothesized that isoprene biosynthesis evolved as an ancestral mechanism in plants adapted to high water availability, to cope with transient and recurrent oxidative stresses during their water-to-land transition. There is a tight association between isoprene emission and species hygrophily, suggesting that isoprene emission may be a favorable trait to cope with occasional exposure to stresses in mesic environments. The s",Frontiers in plant science,"Alessio Fini, Cecilia Brunetti, Francesco Loreto, Mauro Centritto, Francesco Ferrini, Massimiliano Tattini"," Department of Agricultural and Environmental Sciences - Production, Landscape, Agroenergy, University of MilanMilan, Italy. Department of Biology, Agriculture and Food Science, National Research Council of Italy, Trees and Timber InstituteSesto Fiorentino, Italy. Department of Agrifood Production and Environmental Sciences, University of FlorenceFlorence, Italy. Department of Biology, Agriculture and Food Science, National Research Council of ItalyRome, Italy. Department of Biology, Agriculture and Food Sc",2017 Jan;8(?):1281,10.3389/fpls.2017.01281
17587235,20070801,article,"xref,mesh","Acclimatization,Alkyl and Aryl Transferases,Butadienes,Carbon Dioxide,Chlorophyll,Electron Transport,Hemiterpenes,Hot Temperature,Organophosphorus Compounds,Pentanes,Photosynthesis,Pigments, Biological,Plants, Genetically Modified,Populus,RNA Interference","genetics,metabolism,physiology","D002245 Q000378 NN,D004579 Q000502 NN,D009943 Q000378 NN,D002734 Q000378 NN,D032107 Q000502 NY,D000064 Q000502 NY,D032107 Q000378 NN,D010788 Q000502 NY,D030821 Q000378 NN,D010860 Q000378 NN,D030821 Q000502 NN,D045782 Q000502 NY,D032107 Q000235 NN,D019883 Q000378 NN,D045782 Q000378 NN","280,647,6557,91445,5748352,6449992,15983958,16204482","127600171,128288886,129170463","Transgenic, non-isoprene emitting poplars don't like it hot.","The physiological role of isoprene emission in plants is a matter of much debate. One of the most widely propagated hypotheses suggests a function of isoprene in the protection of leaf physiological processes against thermal and oxidative stress. To test this hypothesis, we developed transgenic Grey poplar (Populusxcanescens) plants in which gene expression of isoprene synthase (ISPS) was either silenced by RNA interference (RNAi) or upregulated by over-expression of the ISPS gene. Despite increased ISPS mR",The Plant journal : for cell and molecular biology,"Katja Behnke, Barbara Ehlting, Markus Teuber, Martina Bauerfeind, Sandrine Louis, Robert Hänsch, Andrea Polle, Jörg Bohlmann, Jörg-Peter Schnitzler"," Research Centre Karlsruhe, Institute for Meteorology and Climate Research (IMK-IFU), Kreuzeckbahnstr. 19, 82467 Garmisch-Partenkirchen, Germany.",2007 Aug;51(3):485-99,10.1111/j.1365-313x.2007.03157.x
12686668,20030501,article,"xref,mesh","Adult,Aged,Butadienes,Cellulose,Exhalation,Hemiterpenes,Humans,Kidneys, Artificial,Middle Aged,Models, Biological,Odorants,Oxidative Stress,Pentanes,Polymers,Renal Dialysis,Sulfones,Uremia","adverse effects,analogs &amp; derivatives,metabolism,therapy","D002482 Q000031 NY,D006435 Q000009 NY,D045782 Q000378 NY,D010420 Q000378 NY,D014511 Q000628 NN,D014511 Q000378 NN,D002070 Q000378 NY","6557,16211415",129170463,Elective haemodialysis increases exhaled isoprene.,"BACKGROUND: Uraemic odour is a characteristic feature of patients with end-stage renal disease (ESRD). However, few investigations have been carried out into the composition of exhaled air in ESRD patients undergoing haemodialysis (HD). Increases of exhaled isoprene levels by a factor of up to 2.7 following HD have been reported. METHODS: We attempted to confirm these findings in 50 patients undergoing HD using haemophan (n=23) or polysulphone (n=27) dialysis membranes. Parallel evaluation of ambient air, c","Nephrology, dialysis, transplantation : official publication of the European Dialysis and Transplant Association - European Renal Association","Philipp Lirk, Florian Bodrogi, Hartmann Raifer, Karin Greiner, Hanno Ulmer, Josef Rieder"," Department of Anesthesiology and Critical Care Medicine, Leopold Franzens University of Innsbruck, Anichstrasse 35, A-6020 Innsbruck, Austria.",2003 May;18(5):937-41,10.1093/ndt/gfg049
15819906,20050501,article,"xref,mesh","Benzoates,Butadienes,Cell Death,Fosfomycin,Hemiterpenes,Imidazoles,Nitric Oxide,Nitroprusside,Oxidative Stress,Ozone,Pentanes,Plant Leaves,Poaceae","analogs &amp; derivatives,drug effects,metabolism,pharmacology,physiology","D007093 Q000494 NN,D010420 Q000378 NN,D001565 Q000494 NN,D018515 Q000187 NN,D018515 Q000378 NY,D005578 Q000494 NN,D016923 Q000502 NN,D009599 Q000494 NN,D005578 Q000031 NY,D002070 Q000378 NN,D010126 Q000494 NY,D018515 Q000502 NY,D006109 Q000187 NN,D009569 Q000378 NY,D006109 Q000378 NY,D045782 Q000502 NY,D045782 Q000378 NN","242,572,3417,6557,24823,54331,145068,441029,446987,2733502,2733503,5141362,6413528,6604158,6917867,6992020,11963622,19374994,25162944,25244760,124081848","127964616,128249619,129170463,129815629",Isoprene decreases the concentration of nitric oxide in leaves exposed to elevated ozone.,"Isoprene reduces visible damage (necrosis) of leaves caused by exposure to ozone but the mechanism is not known. Here we show that in Phragmites leaves isoprene emission was stimulated after a 3-h exposure to high ozone levels. The photosynthetic apparatus of leaves in which isoprene emission was inhibited by fosmidomycin became more susceptible to damage by ozone than in isoprene-emitting leaves. Three days after ozone fumigation, the necrotic leaf area was significantly higher in isoprene-inhibited leaves",The New phytologist,"Violeta Velikova, Paola Pinelli, Stefania Pasqualini, Lara Reale, Francesco Ferranti, Francesco Loreto"," Institute of Plant Physiology, Bulgarian Academy of Sciences, Sofia, Bulgaria.",2005 May;166(2):419-25,10.1111/j.1469-8137.2005.01409.x
18557875,20080101,article,"xref,mesh","Adaptation, Physiological,Butadienes,Carbon Dioxide,Cloning, Molecular,Hemiterpenes,Oxidants, Photochemical,Oxidative Stress,Ozone,Pentanes,Photosynthesis,Populus","drug effects,genetics,metabolism,pharmacology","D002245 Q000378 NN,D045782 Q000378 NY,D010083 Q000494 NY,D010420 Q000378 NY,D032107 Q000378 NY,D010126 Q000494 NY,D010083 Q000378 NN,D010126 Q000378 NN,D002245 Q000494 NY,D032107 Q000187 NN,D002070 Q000378 NY,D010788 Q000187 NN,D032107 Q000235 NN","280,6557,15600,24823","127739995,129170463",Isoprene emission rates under elevated CO2 and O3 in two field-grown aspen clones differing in their sensitivity to O3.,"Isoprene is the most important nonmethane hydrocarbon emitted by plants. The role of isoprene in the plant is not entirely understood but there is evidence that it might have a protective role against different oxidative stresses originating from heat shock and/or exposure to ozone (O(3)). Thus, plants under stress conditions might benefit by constitutively high or by higher stress-induced isoprene emission rates. In this study, measurements are presented of isoprene emission from aspen (Populus tremuloides",The New phytologist,"Carlo Calfapietra, Giuseppe Scarascia Mugnozza, David F Karnosky, Francesco Loreto, Thomas D Sharkey"," CNR- Istituto di Biologia Agroambientale e Forestale, Via Salaria Km. 29.300 00016 Monterotondo Scalo (Roma), Italy. carlo.calfapietra@ibaf.cnr.it",2008 Jan;179(1):55-61,10.1111/j.1469-8137.2008.02493.x
18811730,20081201,article,"xref,mesh","Butadienes,Fosfomycin,Hemiterpenes,Nitric Oxide,Oxidative Stress,Ozone,Pentanes,Photosensitizing Agents,Plant Leaves,Plant Stomata,Poaceae,Populus,Volatile Organic Compounds","analogs &amp; derivatives,drug effects,metabolism,pharmacology","D055549 Q000378 NN,D045782 Q000378 NY,D054046 Q000378 NN,D018515 Q000187 NN,D006109 Q000378 NN,D009569 Q000494 NN,D018515 Q000378 NY,D010420 Q000378 NY,D005578 Q000494 NN,D032107 Q000378 NN,D010126 Q000494 NN,D017319 Q000494 NN,D054046 Q000187 NN,D006109 Q000187 NN,D032107 Q000187 NN,D009569 Q000378 NY,D005578 Q000031 NN,D002070 Q000378 NY","572,3417,6557,24823,54331,145068,441029,446987,5141362,6604158,6992020,25162944,25244760","127964616,129170463,129815629",Isoprene and nitric oxide reduce damages in leaves exposed to oxidative stress.,"Isoprene and nitric oxide (NO) are two volatile molecules that are produced in leaves. Both compounds were suggested to have an important protective role against stresses. We tested, in two isoprene-emitting species, Populus nigra and Phragmites australis, whether: (1) NO emission outside leaves is measurable and is affected by oxidative stresses; and (2) isoprene and NO protect leaves against oxidative stresses, both singularly and in combination. The emission of NO was undetectable, and the compensation p","Plant, cell & environment","Violeta Velikova, Silvano Fares, Francesco Loreto"," Bulgarian Academy of Sciences - Institute of Plant Physiology, Sofia, Bulgaria.",2008 Dec;31(12):1882-94,10.1111/j.1365-3040.2008.01893.x
19183288,20090501,article,"xref,mesh","Antioxidants,Butadienes,Hemiterpenes,Hot Temperature,Oxidative Stress,Ozone,Pentanes,Photosynthesis,Plants, Genetically Modified,Reactive Oxygen Species,Tobacco","biosynthesis,drug effects,genetics,metabolism,pharmacology","D030821 Q000235 NN,D014026 Q000235 NN,D014026 Q000187 NN,D014026 Q000378 NY,D000975 Q000378 NN,D017382 Q000378 NN,D030821 Q000187 NN,D045782 Q000096 NY,D010126 Q000494 NN,D030821 Q000378 NN","6557,24823",129170463,Isoprene synthesis protects transgenic tobacco plants from oxidative stress.,"Isoprene emission represents a significant loss of carbon to those plant species that synthesize this highly volatile and reactive compound. As a tool for studying the role of isoprene in plant physiology and biochemistry, we developed transgenic tobacco plants capable of emitting isoprene in a similar manner to and at rates comparable to a naturally emitting species. Thermotolerance of photosynthesis against transient high-temperature episodes could only be observed in lines emitting high levels of isopren","Plant, cell & environment","Claudia E Vickers, Malcolm Possell, Cristian I Cojocariu, Violeta B Velikova, Jullada Laothawornkitkul, Annette Ryan, Philip M Mullineaux, C Nicholas Hewitt"," Department of Biological Sciences, Essex University, Wivenhoe Park, Colchester, England C043SQ, UK. c.vickers@uq.edu.au",2009 May;32(5):520-31,10.1111/j.1365-3040.2009.01946.x
19704461,20081201,article,xref,NULL,NULL,NULL,6557,129170463,The role of isoprene in insect herbivory.,"Several hypotheses have previously been proposed to explain the function of isoprene in plants, including its ability to protect the leaf metabolic machinery from transient high temperature1,2 and from oxidative stress.3 Isoprene may also serve as a metabolic overflow mechanism for carbon or photosynthetic energy4-6 and may promote flowering in neighbouring plants.7 We have reported recently that isoprene can be detected by a herbivore, Manduca sexta, and that it directly deters them from feeding, with an i",Plant signaling & behavior,"Jullada Laothawornkitkul, Nigel D Paul, Claudia E Vickers, Malcolm Possell, Philip M Mullineaux, C Nicholas Hewitt, Jane E Taylor", Lancaster Environment Centre; Lancaster University; Lancaster UK.,2008 Dec;3(12):1141-2,10.4161/psb.3.12.7171
20526857,20100901,article,"xref,mesh","Base Sequence,Butadienes,Carbohydrate Metabolism,DNA Primers,Down-Regulation,Droughts,Gene Expression Profiling,Genes, Plant,Hemiterpenes,Hot Temperature,Hydrogen Peroxide,Light,Metabolome,Models, Biological,Pentanes,Phenols,Plants, Genetically Modified,Populus,RNA Interference,Seasons,Stress, Physiological,Terpenes","genetics,metabolism","D010636 Q000378 NN,D045782 Q000378 NY,D013729 Q000378 NN,D010420 Q000378 NY,D045782 Q000235 NY,D032107 Q000378 NY,D017931 Q000235 NN,D006861 Q000378 NN,D002070 Q000378 NY,D032107 Q000235 NY","59,308,311,322,572,647,702,784,979,1060,1095,1195,2518,5988,6057,6207,6305,6322,6557,7189,7937,8742,11240,11349,23831,65098,92096,128861,287291,439709,5280445,5280863,22841546,23565547,53825251,54218544,54490388","127437615,127700385,127722233,127771276,127918466,127964616,128020028,128119686,128206177,128239561,128288165,128291602,128341996,128393493,128423931,128470468,128482492,128699975,128755821,128793026,128814882,128837025,128865459,128994255,128996509,129025445,129029179,129093607,129122856,129170463,129260511,129464973,129746194,129879835,135834203,135841580",RNAi-mediated suppression of isoprene emission in poplar transiently impacts phenolic metabolism under high temperature and high light intensities: a transcriptomic and metabolomic analysis.,"In plants, isoprene plays a dual role: (a) as thermo-protective agent proposed to prevent degradation of enzymes/membrane structures involved in photosynthesis, and (b) as reactive molecule reducing abiotic oxidative stress. The present work addresses the question whether suppression of isoprene emission interferes with genome wide transcription rates and metabolite fluxes in grey poplar (Populus x canescens) throughout the growing season. Gene expression and metabolite profiles of isoprene emitting wild ty",Plant molecular biology,"Katja Behnke, Andreas Kaiser, Ina Zimmer, Nicolas Brüggemann, Dennis Janz, Andrea Polle, Rüdiger Hampp, Robert Hänsch, Jennifer Popko, Philippe Schmitt-Kopplin, Barbara Ehlting, Heinz Rennenberg, Csengele Barta, Francesco Loreto, Jörg-Peter Schnitzler"," Institute for Meteorology and Climate Research, Karlsruhe Institute of Technology, Garmisch-Partenkirchen, Germany.",2010 Sep;74(?):61-75,10.1007/s11103-010-9654-z
22701360,20120101,article,"xref,mesh","Butadienes,Ecosystem,Heat-Shock Response,Hemiterpenes,Light,Pentanes,Photosynthesis,Plant Roots,Species Specificity,Temperature,Trees","biosynthesis,classification,metabolism,physiology,radiation effects","D018517 Q000528 NN,D010788 Q000528 NN,D018517 Q000502 NY,D045782 Q000096 NY,D014197 Q000145 NN,D010788 Q000502 NY,D014197 Q000378 NY,D018869 Q000502 NY,D018869 Q000528 NN,D014197 Q000528 NN","767,1005,5884,6049,6557,7502,123648,124886,5176753,22799231,25200375","127573844,127782972,127926320,128364298,128373488,128423325,128490299,129170463,129192846,136210299,136230068",The impact of root temperature on photosynthesis and isoprene emission in three different plant species.,"Most of the perennial plant species, particularly trees, emit volatile organic compounds (BVOCs) such as isoprene and monoterpenes, which in several cases have been demonstrated to protect against thermal shock and more generally against oxidative stress. In this paper, we show the response of three strong isoprene emitter species, namely, Phragmites australis, Populus x euramericana, and Salix phylicifolia exposed to artificial or natural warming of the root system in different conditions. This aspect has ",TheScientificWorldJournal,"Mauro Medori, Lucia Michelini, Isabel Nogues, Francesco Loreto, Carlo Calfapietra"," Institute of Agro-Environmental & Forest Biology-IBAF, National Research Council-CNR, Via Salaria km 29,300, 00015 Monterotondo Scalo, Rome, Italy.",2012 Jan;2012(?):525827,10.1100/2012/525827
26850277,20160401,article,mesh,"Butadienes,Carbon,Fumigation,Genotype,Hemiterpenes,Least-Squares Analysis,Nitric Oxide,Nitrosation,Ozone,Pentanes,Photosynthesis,Plant Leaves,Plant Proteins,Populus,Proteome,Proteomics,Stress, Physiological,Time Factors","drug effects,genetics,metabolism,pharmacology","D018515 Q000378 NN,D002244 Q000378 NN,D045782 Q000378 NY,D018515 Q000187 NN,D010420 Q000378 NY,D009569 Q000378 NN,D032107 Q000378 NY,D010126 Q000494 NN,D020543 Q000378 NN,D010940 Q000378 NY,D032107 Q000187 NN,D002070 Q000378 NY,D010788 Q000187 NN,D032107 Q000235 NN,D013312 Q000187 NN","6557,24823,145068",NULL,Modulation of Protein S-Nitrosylation by Isoprene Emission in Poplar.,"Researchers have been examining the biological function(s) of isoprene in isoprene-emitting (IE) species for two decades. There is overwhelming evidence that leaf-internal isoprene increases the thermotolerance of plants and protects them against oxidative stress, thus mitigating a wide range of abiotic stresses. However, the mechanisms of abiotic stress mitigation by isoprene are still under debate. Here, we assessed the impact of isoprene on the emission of nitric oxide (NO) and the S-nitroso-proteome of ",Plant physiology,"Elisa Vanzo, Juliane Merl-Pham, Violeta Velikova, Andrea Ghirardo, Christian Lindermayr, Stefanie M Hauck, Jörg Bernhardt, Katharina Riedel, Jörg Durner, Jörg-Peter Schnitzler"," Helmholtz Zentrum München, Research Unit Environmental Simulation (E.V., V.V., A.G., J.-P.S.), Institute of Biochemical Plant Pathology (C.L., J.D.), and Research Unit Protein Science (J.M.-P., S.M.H.), D-85764 Neuherberg, Germany;Institute of Plant Physiology and Genetics, Bulgarian Academy of Sciences, 1113 Sofia, Bulgaria (V.V.); andInstitute for Microbiology, Ernst-Moritz-Arndt University, 17487 Greifswald, Germany (J.B., K.R.). Helmholtz Zentrum München, Research Unit Environmental Simulation (E.V., V",2016 Apr;170(4):1945-61,10.1104/pp.15.01842
29292423,20180221,article,mesh,"Aerosols,Air Pollutants,Butadienes,Cell Line,Epithelial Cells,Epoxy Compounds,Gene Expression,Hemiterpenes,Humans,Oxidation-Reduction,Oxidative Stress,Pentanes","analysis,chemistry,drug effects,genetics,toxicity","D004852 Q000032 NN,D018384 Q000235 NN,D004847 Q000187 NY,D045782 Q000737 NY,D004852 Q000633 NY,D002070 Q000737 NY,D000393 Q000032 NN,D018384 Q000187 NY,D015870 Q000187 NY,D000393 Q000633 NY,D010420 Q000737 NY",6557,NULL,Effect of secondary organic aerosol from isoprene-derived hydroxyhydroperoxides on the expression of oxidative stress response genes in human bronchial epithelial cells.,"Isoprene-derived secondary organic aerosol (SOA), which comprise a large portion of atmospheric fine particulate matter (PM(2.5)), can be formed through various gaseous precursors, including isoprene epoxydiols (IEPOX), methacrylic acid epoxide (MAE), and isoprene hydroxyhydroperoxides (ISOPOOH). The composition of the isoprene-derived SOA affects its reactive oxygen species (ROS) generation potential and its ability to alter oxidative stress-related gene expression. In this study we assess effects of isopr",Environmental science. Processes & impacts,"Maiko Arashiro, Ying-Hsuan Lin, Zhenfa Zhang, Kenneth G Sexton, Avram Gold, Ilona Jaspers, Rebecca C Fry, Jason D Surratt"," Department of Environmental Sciences and Engineering, Gillings School of Global Public Health, The University of North Carolina at Chapel Hill, Chapel Hill, North Carolina, USA. surratt@unc.edu.",2018 Feb;20(2):332-339,10.1039/c7em00439g
9111215,19970401,article,"xref,mesh","Adenoma,Animals,Butadienes,Genes, ras,Harderian Gland,Hemiterpenes,Male,Mice,Mice, Inbred Strains,Mutation,Neoplasms, Experimental,Pentanes,Polymorphism, Single-Stranded Conformational","chemically induced,genetics,pathology,toxicity","D000236 Q000139 NY,D009374 Q000235 NN,D009374 Q000473 NN,D000236 Q000235 NN,D006243 Q000473 NY,D002070 Q000633 NY,D009374 Q000139 NY,D000236 Q000473 NN",6557,53788489,Both K-ras and H-ras protooncogene mutations are associated with Harderian gland tumorigenesis in B6C3F1 mice exposed to isoprene for 26 weeks.,"Isoprene is the 2-methyl analog of 1,3-butadiene, a genotoxic and carcinogenic compound in rats and mice. Male B6C3F1 mice were exposed to 0, 2200 or 7000 ppm isoprene by inhalation (6 h/day; 5 days/week) for 26 weeks. Following a 26-week recovery period, an increased incidence of Harderian gland (HG) neoplasms was observed at both concentrations. The present study was designed to characterize genetic alterations in the K-ras and H-ras protooncogenes in HG neoplasms. Mutations in K-ras and H-ras were identi",Carcinogenesis,"H L Hong, T R Devereux, R L Melnick, S R Eldridge, A Greenwell, J Haseman, G A Boorman, R C Sills"," Environmental Toxicology Program, National Institute of Environmental Health Sciences, Research Triangle Park, NC 27709, USA.",1997 Apr;18(4):783-9,10.1093/carcin/18.4.783
17468218,20070601,article,"xref,mesh","Adaptation, Physiological,Arabidopsis,Biosynthetic Pathways,Butadienes,Hemiterpenes,Hot Temperature,Models, Biological,Molecular Sequence Data,Pentanes,Photosynthesis,Plants, Genetically Modified,Populus,Volatilization","genetics,growth &amp; development,metabolism,physiology","D053898 Q000502 NN,D045782 Q000378 NY,D017360 Q000235 NN,D017360 Q000254 NN,D030821 Q000254 NN,D010420 Q000378 NY,D030821 Q000378 NN,D002070 Q000378 NY,D032107 Q000235 NN,D017360 Q000378 NY,D010788 Q000502 NN","647,6557","129170463,135834203","Arabidopsis, a model to study biological functions of isoprene emission?","The volatile hemiterpene isoprene is emitted from plants and can affect atmospheric chemistry. Although recent studies indicate that isoprene can enhance thermotolerance or quench oxidative stress, the underlying physiological mechanisms are largely unknown. In this work, Arabidopsis (Arabidopsis thaliana), a natural nonemitter of isoprene and the model plant for functional plant analyses, has been constitutively transformed with the isoprene synthase gene (PcISPS) from Grey poplar (Populus x canescens). Ov",Plant physiology,"Maaria Loivamäki, Frank Gilmer, Robert J Fischbach, Christoph Sörgel, Anette Bachl, Achim Walter, Jörg-Peter Schnitzler"," Research Centre Karlsruhe, Institute for Meteorology and Climate Research, 82467 Garmisch-Partenkirchen, Germany.",2007 Jun;144(2):1066-78,10.1104/pp.107.098509
19324699,20090501,article,"xref,mesh","Antioxidants,Butadienes,Carbon Dioxide,Hemiterpenes,Hybridization, Genetic,Models, Biological,Oxidative Stress,Ozone,Pentanes,Plant Leaves,Plant Stomata,Plant Transpiration,Plants, Genetically Modified,Populus,RNA Interference","biosynthesis,drug effects,genetics,metabolism,pharmacology","D018515 Q000378 NN,D045782 Q000235 NN,D002245 Q000378 NN,D018515 Q000235 NN,D000975 Q000378 NN,D030821 Q000187 NN,D054046 Q000378 NN,D018515 Q000187 NN,D045782 Q000096 NY,D032107 Q000378 NN,D018526 Q000187 NN,D030821 Q000378 NN,D010126 Q000494 NY,D032107 Q000187 NN,D032107 Q000235 NY","280,4133,6557,14985,24823,25200375","128011809,128857037,129170463,136230068",RNAi-mediated suppression of isoprene biosynthesis in hybrid poplar impacts ozone tolerance.,"Isoprene is the most abundant volatile compound emitted by vegetation. It influences air chemistry and is thought to take part in plant defense reactions against abiotic stress such as high temperature or ozone. However, whether or not isoprene emission impacts ozone tolerance of plants is still in discussion. In this study, we exploited the transgenic non-isoprene emitting grey poplar (Populus x canescens (Aiton) Sm.) in a biochemical and physiological model study to investigate the effect of acute ozone s",Tree physiology,"Katja Behnke, Einhard Kleist, Ricarda Uerlings, Jürgen Wildt, Heinz Rennenberg, Jörg-Peter Schnitzler"," Research Centre Karlsruhe GmbH, Institute for Meteorology and Climate Research, 82467 Garmisch-Partenkirchen, Germany.",2009 May;29(5):725-36,10.1093/treephys/tpp009
22683640,20120706,article,"xref,mesh","Adolescent,Body Temperature,Butadienes,Cohort Studies,Female,Hemiterpenes,Humans,Male,Muscular Dystrophy, Duchenne,Oxidative Stress,Pentanes,Respiration,Young Adult","biosynthesis,metabolism,physiopathology","D020388 Q000378 NN,D045782 Q000096 NY,D020388 Q000503 NY",6557,129170463,Breath isoprene: muscle dystrophy patients support the concept of a pool of isoprene in the periphery of the human body.,Breath isoprene accounts for most of the hydrocarbon removal via exhalation and is thought to serve as a non-invasive indicator for assaying several metabolic effects in the human body. The primary objective of this paper is to introduce a novel working hypothesis with respect to the endogenous source of this compound in humans: the idea that muscle tissue acts as an extrahepatic production site of substantial amounts of isoprene. This new perspective has its roots in quantitative modeling studies of breath,Biochemical and biophysical research communications,"J King, P Mochalski, K Unterkofler, G Teschl, M Klieber, M Stein, A Amann, M Baumann"," Breath Research Institute, Austrian Academy of Sciences, Rathausplatz 4, A-6850 Dornbirn, Austria.",2012 Jul;423(3):526-30,10.1016/j.bbrc.2012.05.159
12011357,20020501,article,"xref,mesh","Adaptation, Physiological,Butadienes,Carbon Dioxide,Hemiterpenes,Myrtaceae,Nitriles,Oxidative Stress,Pentanes,Photosynthesis,Plant Leaves,Rhamnaceae,Rose Bengal,Seasons,Singlet Oxygen","drug effects,metabolism,pharmacology,physiology","D012395 Q000494 NN,D000222 Q000502 NN,D018384 Q000187 NN,D009570 Q000494 NN,D018515 Q000187 NN,D002245 Q000494 NN,D018515 Q000378 NY,D027823 Q000378 NY,D026082 Q000378 NY,D002070 Q000494 NY,D027822 Q000378 NY,D010788 Q000502 NN","280,6557,15531,25473,25474,32343,159832,2724056,3856851,24181585","129170463,129402051",Protection by isoprene against singlet oxygen in leaves.,"Isoprene (2-methyl-1,3-butadiene) protection against effects of singlet oxygen was investigated in Myrtus communis and Rhamnus alaternus. In M. communis, singlet oxygen produced in the leaves by Rose Bengal (RB) led to a 65% decrease in net assimilation rates within 3 h, whereas isoprene emission rates showed either a 30% decrease at ambient CO2 concentrations or a 70% increase under high CO2. In both cases, these changes led to an increase in calculated internal isoprene concentrations. The isoprene protec",Plant physiology,"Hagit P Affek, Dan Yakir"," Department of Environmental Sciences and Energy Research, Weizmann Institute of Science, Rehovot 76100, Israel.",2002 May;129(1):269-77,10.1104/pp.010909
17280560,20070101,article,"xref,mesh","Adult,Asthma,Biomarkers,Breath Tests,Butadienes,Ethane,Exhalation,Female,Hemiterpenes,Humans,Inhalation,Male,Middle Aged,Oxidative Stress,Pentanes","analysis,methods,physiology,physiopathology","D002070 Q000032 NY,D001249 Q000503 NY,D045782 Q000032 NY,D001239 Q000502 NN,D004980 Q000032 NY,D045853 Q000502 NN,D018384 Q000502 NN,D015415 Q000032 NN,D001944 Q000379 NY,D010420 Q000032 NY","6324,6557,8003","128799830,129170463","Determination of ethane, pentane and isoprene in exhaled air--effects of breath-holding, flow rate and purified air.","AIM: Exhaled ethane, pentane and isoprene have been proposed as biomarkers of oxidative stress. The objectives were to explore whether ethane, pentane and isoprene are produced within the airways and to explore the effect of different sampling parameters on analyte concentrations. METHODS: The flow dependency of the analyte concentrations, the concentrations in dead-space and alveolar air after breath-holding and the influence of inhaling purified air on analyte concentrations were investigated. The analyti","Acta physiologica (Oxford, England)","M A E Lärstad, K Torén, B Bake, A-C Olin"," Department of Occupational and Environmental Medicine, The Sahlgrenska Academy at Göteborg University, Göteborg, Sweden. mona.larstad@amm.gu.se",2007 Jan;189(1):87-98,10.1111/j.1748-1716.2006.01624.x
20398237,20100301,review,"xref,mesh","Alkyl and Aryl Transferases,Atmosphere,Butadienes,Hemiterpenes,Hot Temperature,Oxidative Stress,Pentanes,Plant Proteins,Populus,Terpenes,Volatile Organic Compounds","biosynthesis,chemistry,genetics,metabolism,physiology","D019883 Q000235 NN,D010940 Q000235 NN,D010940 Q000378 NN,D055549 Q000378 NY,D032107 Q000502 NN,D045782 Q000096 NY,D032107 Q000378 NY,D013729 Q000378 NY,D001272 Q000737 NN,D019883 Q000378 NN",6557,129170463,"Poplar volatiles - biosynthesis, regulation and (eco)physiology of isoprene and stress-induced isoprenoids.","Plants interact with their environment through a wide variety of biogenic volatile organic compounds (BVOCs), with isoprenoids ( identical with terpenes), i.e. isoprene, mono- and sesquiterpenes, playing an important role. Isoprene, a hemiterpene, is the simplest isoprenoid compound mainly emitted by tree species like poplars, oaks and willows. Woody plants alone comprise 75% of the global isoprene emitted to the atmosphere. Due to its significant influence on atmospheric chemistry, research has been focuse","Plant biology (Stuttgart, Germany)","J-P Schnitzler, S Louis, K Behnke, M Loivamäki"," Karlsruhe Institut for Technologie (KIT), Institut für Meteorologie und Klimaforschung (IMK-IFU), Garmisch-Partenkirchen, Germany. joerg-peter.schnitzler@kit.edu",2010 Mar;12(2):302-16,10.1111/j.1438-8677.2009.00284.x
3288837,19880301,article,mesh,"Animals,Bone Marrow,Butadienes,Chloroprene,Chromosome Aberrations,Dose-Response Relationship, Drug,Erythrocytes,Hemiterpenes,Male,Mice,Mice, Inbred Strains,Mutagens,Pentanes,Sister Chromatid Exchange","cytology,drug effects,pathology,toxicity","D001853 Q000473 NN,D002737 Q000633 NY,D002070 Q000633 NY,D004912 Q000166 NN,D001853 Q000187 NN,D012854 Q000187 NY,D004912 Q000187 NN","6557,31369",NULL,Chloroprene and isoprene: cytogenetic studies in mice.,"Groups of male B6C3F1 mice (n = 15) were exposed for 6 h per day to ambient air, to chloroprene (12, 32, 80, 200 p.p.m.) or to isoprene (438, 1750 and 7000 p.p.m.) on 12 days. These compounds are the 2-chloro and the 2-methyl analogues, respectively, of 1,3-butadiene, a genotoxic and carcinogenic chemical in B6C3F1 mice. Exposure to chloroprene resulted in a 100% incidence of mortality among the mice exposed to 200 p.p.m. At concentrations of 80 p.p.m. and below, chloroprene neither induced a significant in",Mutagenesis,"R R Tice, R Boucher, C A Luke, D E Paquette, R L Melnick, M D Shelby"," Medical Department, Brookhaven National Laboratory, Upton, NY 11973.",1988 Mar;3(2):141-6,10.1093/mutage/3.2.141
11292107,20001201,article,mesh,"Adult,Breath Tests,Butadienes,Cystic Fibrosis,Female,Forced Expiratory Volume,Hemiterpenes,Humans,Male,Oxidative Stress,Pentanes,Respiratory Insufficiency,Vital Capacity","analysis,diagnosis,physiology,physiopathology","D002070 Q000032 NY,D012131 Q000175 NY,D014797 Q000502 NN,D018384 Q000502 NY,D003550 Q000175 NY,D003550 Q000503 NN,D012131 Q000503 NN,D005541 Q000502 NN",6557,NULL,Breath isoprene during acute respiratory exacerbation in cystic fibrosis.,"Patients with cystic fibrosis (CF) experience a combination of chronic systemic oxidative stress, generation of free radicals in the lungs due to a hyperimmune response and a diminished ability to scavenge free radicals secondary to malabsorption and increased consumption. The authors asked the question, ""Does breath isoprene content reflect systemic oxidative stress?"" The study involved 12 CF patients and 12 matched healthy controls. The patients were sampled during acute respiratory exacerbation (increase",The European respiratory journal,"L T McGrath, R Patrick, P Mallon, L Dowey, B Silke, W Norwood, S Elborn"," Dept of Therapeutics and Pharmacology, The Queen's University of Belfast, Northern Ireland, UK.",2000 Dec;16(6):1065-9,10.1034/j.1399-3003.2000.16f08.x
11511427,20010801,article,"xref,mesh","Adult,Aged,Biomarkers,Breath Tests,Butadienes,Chronic Disease,Female,Heart Failure,Hemiterpenes,Humans,Male,Middle Aged,Pentanes,Prognosis,Reference Values,Sensitivity and Specificity,Severity of Illness Index","analysis,diagnosis","D002070 Q000032 NY,D006333 Q000175 NY,D015415 Q000032 NN",6557,129170463,Breath isoprene in patients with heart failure.,"BACKGROUND: Chronic heart failure (CHF) is characterised by increased vascular resistance. This increased after load on the left ventricle contributes to the vicious cycle that leads to progression of myocardial failure, multiple organ failure and death. There is evidence for increased oxidative stress in heart failure, which will influence the myocardium but also peripheral vasculature endothelium. AIMS: The aim of the present study was to examine the production of isoprene, reputed to reflect oxidative st",European journal of heart failure,"L T McGrath, R Patrick, B Silke"," Department of Therapeutics and Pharmacology, The Queen's University of Belfast, 97 Lisburn Road, Belfast BT9 7BL, Belfast, N Ireland, UK. l.mcgrath@qub.ac.uk",2001 Aug;3(4):423-7,10.1016/s1388-9842(01)00128-3
15925539,20050801,article,"xref,mesh","Animals,Bone Marrow Cells,Butadienes,Cells, Cultured,Dose-Response Relationship, Drug,Epoxy Compounds,Erythrocytes,Hemiterpenes,Hemoglobins,Male,Mice,Mice, Inbred C57BL,Micronuclei, Chromosome-Defective,Micronucleus Tests,Mutagens,Pentanes,Rats,Rats, Sprague-Dawley","chemistry,drug effects,metabolism,toxicity","D006454 Q000378 NN,D006454 Q000737 NN,D010420 Q000378 NN,D001854 Q000187 NN,D045782 Q000633 NY,D006454 Q000187 NY,D002070 Q000633 NY,D010420 Q000633 NY,D004852 Q000633 NY,D002070 Q000378 NN,D045782 Q000378 NN,D009153 Q000633 NN,D004912 Q000187 NN","6557,7845,11254,13586,22811,31268,92166,160438,12617527,90476404","127523511,127904076,128018930,128353953,129170463,129192578,129778443,129894555,249145142",Hemoglobin adducts and micronuclei in rodents after treatment with isoprene monoxide or butadiene monoxide.,"1,3-Butadiene and isoprene (2-methyl-1,3-butadiene) are chemically related substances that are carcinogenic to rodents. The overall aim of this work is to elucidate the role of the genotoxic action of diepoxide metabolites in the carcinogenesis of the dialkenes. In vivo doses of the diepoxide metabolites were measured through reaction products with hemoglobin (Hb adducts) in studies of induced micronuclei (MN) in rodents. In the reaction with N-terminal valine in Hb, diepoxybutane and isoprenediepoxide form",Mutation research,"Charlotta Fred, Jan Grawé, Margareta Törnqvist"," Department of Environmental Chemistry, Stockholm University, SE-106 91 Stockholm, Sweden.",2005 Aug;585(?):21-32,10.1016/j.mrgentox.2005.03.009
27032207,20160201,article,mesh,"Benzopyrans,Epoxide Hydrolases,Hep G2 Cells,Humans,Pyrrolidinones,Stachybotrys,Structure-Activity Relationship","antagonists &amp; inhibitors,chemistry,metabolism,pharmacology","D013191 Q000378 NN,D001578 Q000737 NY,D011760 Q000378 NN,D001578 Q000494 NY,D004851 Q000037 NY,D011760 Q000494 NY,D001578 Q000378 NN,D011760 Q000737 NY","10410384,10574621",NULL,Isoprene Side-chain of SMTP is Essential for Soluble Epoxide Hydrolase Inhibition and Cellular Localization.,"SMTPs, a family of natural small molecules that effectively treat ischemic stroke, are subject to clinical development. SMTPs enhance plasminogen activation and inhibit soluble epoxide hydrolase (sEH), leading to promotion of endogenous thrombolysis and anti-inflammation. The SMTP molecule consists of atricyclic γ-lactam moiety, an isoprene side-chain, and an N-linked side-chain. Here, we investigate the yet-to-be-characterized function of the isoprene side- chain of SMTPs in sEH inhibition and cellular dis",Natural product communications,"Shinya Otake, Norihiro Ogawa, Yoshikazu Kitano, Keiji Hasumi, Eriko Suzuki",NULL,2016 Feb;11(2):223-7,NULL
28962224,20140101,article,NULL,NULL,NULL,NULL,NULL,NULL,"Concentration- and time-dependent genotoxicity profiles of isoprene monoepoxides and diepoxide, and the cross-linking potential of isoprene diepoxide in cells.","Isoprene, a possible carcinogen, is a petrochemical and a natural product being primarily produced by plants. It is biotransformed to 2-ethenyl-2-methyloxirane (IP-1,2-O) and 2-(1-methylethenyl)oxirane (IP-3,4-O), both of which can be further metabolized to 2-methyl-2,2'-bioxirane (MBO). MBO is mutagenic, but IP-1,2-O and IP-3,4-O are not. While IP-1,2-O has been reported being genotoxic, the genotoxicity of IP-3,4-O and MBO, and the cross-linking potential of MBO have not been examined. In the present stud",Toxicology reports,"Yan Li, Avishay Pelah, Jing An, Ying-Xin Yu, Xin-Yu Zhang"," Institute of Environmental Pollution and Health, School of Environmental and Chemical Engineering, Shanghai University, Shanghai 200444, PR China. Department of Plastics Engineering, Shenkar College of Engineering and Design, Ramat Gan 52526, Israel. Institute of Environmental Pollution and Health, School of Environmental and Chemical Engineering, Shanghai University, Shanghai 200444, PR China. Institute of Environmental Pollution and Health, School of Environmental and Chemical Engineering, Shanghai Unive",2014 Jan;1(?):36-45,10.1016/j.toxrep.2014.03.002
15531432,20041101,article,"xref,mesh","Butadienes,Carcinogens,Cell Culture Techniques,Gene Expression Regulation,Hemiterpenes,Humans,Inflammation,Interleukin-8,Lung,Pentanes,Photochemistry,Plants","biosynthesis,cytology,drug effects,metabolism,pathology,toxicity","D002273 Q000378 NN,D010420 Q000378 NN,D045782 Q000633 NY,D002070 Q000633 NY,D010420 Q000633 NY,D002273 Q000633 NY,D008168 Q000473 NY,D002070 Q000378 NN,D008168 Q000166 NY,D016209 Q000096 NN,D005786 Q000187 NN,D045782 Q000378 NN","176,177,612,650,668,756,880,1140,5943,6557,6562,6570,7845,7847,7860,8299,10964,13002,13586,13587,16782,31261,75049,19967836,44357137,54409837","127411153,127421582,127902549,127978224,128018930,128056944,128180287,128232446,128334455,128353953,128392122,128478271,129068529,129071275,129170463,129286610,129524048,129548391,129576642,129599761,129627858,129706911,129837176,129861263,135750888","Effects of 1,3-butadiene, isoprene, and their photochemical degradation products on human lung cells.","Because of potential exposure both in the workplace and from ambient air, the known carcinogen 1,3-butadiene (BD) is considered a priority hazardous air pollutant. BD and its 2-methyl analog, isoprene (ISO), are chemically similar but have very different toxicities, with ISO showing no significant carcinogenesis. Once released into the atmosphere, reactions with species induced by sunlight and nitrogen oxides convert BD and ISO into several photochemical reaction products. In this study, we determined the r",Environmental health perspectives,"Melanie Doyle, Kenneth G Sexton, Harvey Jeffries, Kevin Bridge, Ilona Jaspers"," Environmental Sciences and Engineering, University of North Carolina, Chapel Hill, North Carolina, USA.",2004 Nov;112(15):1488-95,10.1289/ehp.7022
19076530,20090101,article,"xref,mesh","Ascorbic Acid,Butadienes,Carotenoids,Chlorophyll,Genotype,Hemiterpenes,Hydrogen Peroxide,Lipid Peroxidation,Oxidative Stress,Ozone,Pentanes,Plant Leaves,Populus,Thiobarbiturates","drug effects,genetics,metabolism,pharmacology","D018515 Q000378 NN,D001205 Q000378 NN,D013858 Q000378 NN,D018515 Q000235 NN,D045782 Q000378 NY,D002338 Q000378 NN,D018515 Q000187 NN,D002734 Q000378 NN,D010420 Q000378 NY,D032107 Q000378 NY,D006861 Q000378 NN,D010126 Q000494 NY,D032107 Q000187 NN,D002070 Q000378 NY,D032107 Q000235 NN","784,6557,24823,1268265,2723628,5086910,5176753,5748352,6327541,6398441,6419725,6433192,6449992,6477652,12085802,16667503,23667548,54670067,54682511,86763295,101033550","128423325,129170463,129287822",Defining hybrid poplar (Populus deltoides x Populus trichocarpa) tolerance to ozone: identifying key parameters.,"This study examined whether two genotypes of hybrid poplar (Populus deltoides x Populus trichocarpa), previously classified as ozone tolerant and ozone sensitive, had differing physiological and biochemical responses when fumigated with 120 nL L(-1) ozone for 6 h per day for eight consecutive days. Isoprene emission rate, ozone uptake and a number of physiological and biochemical parameters were investigated before, during and after fumigation with ozone. Previous studies have shown that isoprene protects p","Plant, cell & environment","A Ryan, C Cojocariu, M Possell, W J Davies, C N Hewitt"," Lancaster Environment Centre, Lancaster University, Lancaster, UK.",2009 Jan;32(1):31-45,10.1111/j.1365-3040.2008.01897.x
20853908,20100921,article,xref,NULL,NULL,NULL,"6557,8255","129170463,129513663",Highly electrophilic organometallics for carbocationic polymerizations: from anion engineering to new polymer materials.,"Ion-ion interactions are a crucial but often overlooked aspect of many polymerization reactions. The precise nature of cation-anion binding is as yet poorly understood, and little is known of the extent of ionic interactions in the typically nonaqueous, low-polarity reaction media of most polymerizations. Nevertheless, adequate control of cation-anion interactions can greatly enhance the productivity and efficiency of chemical processes and can provide low-energy alternatives to current methods. This is ill",Accounts of chemical research,Manfred Bochmann," Wolfson Materials and Catalysis Centre, School of Chemistry, University of East Anglia, Norwich NR4 7TJ, UK. m.bochmann@uea.ac.uk",2010 Sep;43(9):1267-78,10.1021/ar100044s
17877828,20070101,article,"xref,mesh","Acetone,Aged,Aged, 80 and over,Biomarkers,Breath Tests,Butadienes,Cardiac Surgical Procedures,Chromatography, Gas,Extracorporeal Circulation,Female,Hemiterpenes,Humans,Male,Mass Spectrometry,Middle Aged,Monitoring, Intraoperative,Oxidative Stress,Pentanes,Stress, Physiological","analysis,metabolism,methods","D000096 Q000032 NN,D010420 Q000032 NN,D010420 Q000378 NN,D001944 Q000379 NN,D002070 Q000032 NN,D016343 Q000379 NY,D002070 Q000378 NN,D015415 Q000032 NN,D000096 Q000378 NN,D015415 Q000378 NN,D045782 Q000378 NN,D045782 Q000032 NN","96,180,588,612,702,1031,1176,1188,4192,5793,5884,5997,6557,8003,10566,41693,189460,439494,6338045,6400916,6604080","127370325,127498561,127669892,127718929,127719861,127796650,127949007,128121087,128334455,128482492,128530096,128590515,128799830,129170463,129219962,129476697,129565312,129621433,129735276,136035172,136064863,136210299",Monitoring of oxidative and metabolic stress during cardiac surgery by means of breath biomarkers: an observational study.,"BACKGROUND: Volatile breath biomarkers provide a non-invasive window to observe physiological and pathological processes in the body. This study was intended to assess the impact of heart surgery with extracorporeal circulation (ECC) onto breath biomarker profiles. Special attention was attributed to oxidative or metabolic stress during surgery and extracorporeal circulation, which can cause organ damage and poor outcome. METHODS: 24 patients undergoing cardiac surgery with extracorporeal circulation were e",Journal of cardiothoracic surgery,"Florian Pabst, Wolfram Miekisch, Patricia Fuchs, Sabine Kischkel, Jochen K Schubert"," Department of Anesthesia and Intensive Care, University of Rostock, Schillingallee 35, 18057 Rostock, Germany. julia.florian@t-online.de",2007 Jan;2(?):37,10.1186/1749-8090-2-37
19508172,20090801,review,"xref,mesh","Animals,Antineoplastic Agents,Cell Death,Dimethylallyltranstransferase,Diphosphonates,Drug Delivery Systems,Drug Discovery,Humans,Hydroxymethylglutaryl-CoA Reductase Inhibitors,Membrane Proteins,Mevalonic Acid,Models, Biological,Neoplasms,Protein Prenylation,Signal Transduction,ras Proteins,rho GTP-Binding Proteins","antagonists &amp; inhibitors,drug effects,drug therapy,metabolism,pharmacology,therapeutic use","D019161 Q000627 NN,D009369 Q000188 NY,D000970 Q000494 NY,D008798 Q000378 NY,D004164 Q000627 NN,D017368 Q000187 NN,D019161 Q000494 NN,D004122 Q000037 NN,D016923 Q000187 NN,D009369 Q000378 NN,D000970 Q000627 NN,D020741 Q000037 NY,D004164 Q000494 NN,D008565 Q000037 NY,D018631 Q000037 NY,D015398 Q000187 NN,D008798 Q000037 NN","449,6557,439230,4478250,5288798","128392422,128392423,129170463",Targeting the mevalonate pathway for improved anticancer therapy.,"The mevalonate pathway is important for the generation of isoprene moieties thereby providing the basis for the biosynthesis of molecules required for maintaining membrane integrity, steroid production and cell respiration. Additionally, isoprene precursors are indispensable for the prenylation of regulatory proteins such as Ras and Ras-homologous (Rho) GTPases. These low molecular GTP-binding proteins play key roles in numerous signal transduction pathways stimulated upon activation of cell surface recepto",Current cancer drug targets,G Fritz," Department of Toxicology, University of Mainz, Obere Zahlbacher Str. 67, D-55131 Mainz, Germany. fritz@uni-mainz.de",2009 Aug;9(5):626-38,10.2174/156800909789057033
25962871,20150601,article,mesh,"Aerobiosis,Carotenoids,Enterococcus,Gene Expression Regulation, Bacterial,Hydroxymethylglutaryl CoA Reductases,Mevalonic Acid,Multienzyme Complexes,NADH, NADPH Oxidoreductases,Oxidative Stress,Oxygen,Superoxide Dismutase,Terpenes","biosynthesis,drug effects,enzymology,genetics,metabolism,pharmacology,physiology","D016983 Q000201 NN,D015964 Q000187 NY,D009247 Q000235 NN,D006903 Q000235 NN,D009097 Q000235 NN,D018384 Q000502 NN,D010100 Q000494 NY,D002338 Q000096 NN,D013729 Q000378 NY,D013482 Q000235 NN,D002338 Q000235 NY,D016983 Q000187 NY,D016983 Q000235 NY,D008798 Q000378 NN","449,977,439230,4478250,5288798,6419725",NULL,Aerobic conditions increase isoprenoid biosynthesis pathway gene expression levels for carotenoid production in Enterococcus gilvus.,"Some lactic acid bacteria that harbour carotenoid biosynthesis genes (crtNM) can produce carotenoids. Although aerobic conditions can increase carotenoid production and crtNM expression levels, their effects on the pathways that synthesize carotenoid precursors such as mevalonate and isoprene are not completely understood. In this study, we investigated whether aerobic conditions affected gene expression levels involved in the isoprenoid biosynthesis pathway that includes the mevalonate and isoprene biosynt",FEMS microbiology letters,"Tatsuro Hagi, Miho Kobayashi, Masaru Nomura"," Animal Products Research Division, NARO Institute of Livestock and Grassland Science, Ibaraki, Japan thagi@affrc.go.jp. Animal Products Research Division, NARO Institute of Livestock and Grassland Science, Ibaraki, Japan. Animal Products Research Division, NARO Institute of Livestock and Grassland Science, Ibaraki, Japan.",2015 Jun;362(12):fnv075,10.1093/femsle/fnv075
27943315,20170701,article,mesh,"Butadienes,Fourier Analysis,Genotype,Hemiterpenes,Metabolic Networks and Pathways,Metabolome,Metabolomics,Oxidative Stress,Pentanes,Phosphoenolpyruvate,Populus,Prenylation,Reproducibility of Results,Tandem Mass Spectrometry","genetics,metabolism,methods","D045782 Q000235 NN,D045782 Q000378 NY,D010420 Q000378 NY,D032107 Q000378 NY,D055432 Q000379 NY,D010728 Q000378 NN,D002070 Q000378 NY,D032107 Q000235 NN","1005,6557,638308",NULL,Characterization of poplar metabotypes via mass difference enrichment analysis.,"Instrumentation technology for metabolomics has advanced drastically in recent years in terms of sensitivity and specificity. Despite these technical advances, data analytical strategies are still in their infancy in comparison with other 'omics'. Plants are known to possess an immense diversity of secondary metabolites. Typically, more than 70% of metabolomics data are not amenable to systems biological interpretation because of poor database coverage. Here, we propose a new general strategy for mass-spect","Plant, cell & environment","Franco Moritz, Moritz Kaling, Jörg-Peter Schnitzler, Philippe Schmitt-Kopplin"," Research Unit Analytical BioGeoChemistry, Helmholtz Zentrum München (HMGU), Neuherberg, Germany. Research Unit Analytical BioGeoChemistry, Helmholtz Zentrum München (HMGU), Neuherberg, Germany. Research Unit Environmental Simulation, Institute of Biochemical Plant Pathology, Helmholtz Zentrum München (HMGU), Neuherberg, Germany. Research Unit Environmental Simulation, Institute of Biochemical Plant Pathology, Helmholtz Zentrum München (HMGU), Neuherberg, Germany. Research Unit Analytical BioGeoChemistry, H",2017 Jul;40(7):1057-1073,10.1111/pce.12878
30234977,20181004,article,NULL,NULL,NULL,NULL,NULL,NULL,Reactive Oxygen Species Formed by Secondary Organic Aerosols in Water and Surrogate Lung Fluid.,"Reactive oxygen species (ROS) play a central role in adverse health effects of air pollutants. Respiratory deposition of fine air particulate matter can lead to the formation of ROS in epithelial lining fluid, potentially causing oxidative stress and inflammation. Secondary organic aerosols (SOA) account for a large fraction of fine particulate matter, but their role in adverse health effects is unclear. Here, we quantify and compare the ROS yields and oxidative potential of isoprene, β-pinene, and naphthal",Environmental science & technology,"Haijie Tong, Pascale S J Lakey, Andrea M Arangio, Joanna Socorro, Fangxia Shen, Kurt Lucas, William H Brune, Ulrich Pöschl, Manabu Shiraiwa"," Multiphase Chemistry Department , Max Planck Institute for Chemistry , 55128 Mainz , Germany. Multiphase Chemistry Department , Max Planck Institute for Chemistry , 55128 Mainz , Germany. Department of Chemistry , University of California , Irvine , California 92697-2025 , United States. Multiphase Chemistry Department , Max Planck Institute for Chemistry , 55128 Mainz , Germany. Multiphase Chemistry Department , Max Planck Institute for Chemistry , 55128 Mainz , Germany. Multiphase Chemistry Department , ",2018 Oct;?(?):?,10.1021/acs.est.8b03695
9650811,19980501,article,mesh,"Animals,Anti-Inflammatory Agents,Arachidonic Acid,Cells, Cultured,Depression, Chemical,Dinoprostone,Edema,Humans,Hydroquinones,Inflammation,Leukotriene B4,Luminescent Measurements,Male,Mice,Nitrites,Tumor Necrosis Factor-alpha","biosynthesis,chemically induced,drug therapy,metabolism,therapeutic use,toxicity","D007249 Q000378 NN,D014409 Q000378 NY,D007975 Q000378 NY,D009573 Q000378 NN,D006873 Q000627 NY,D015232 Q000096 NN,D016718 Q000633 NN,D007249 Q000188 NY,D004487 Q000139 NN,D000893 Q000627 NY","946,444899,5280360,5280492,23675453",NULL,Suppression of leukotriene B4 and tumour necrosis factor alpha release in acute inflammatory responses by novel prenylated hydroquinone derivatives.,"A series of prenyl hydroquinone derivatives synthesized as structural analogs of marine products were tested for their effects on inflammatory responses in vitro and in vivo. 2-Prenyl-1,4-hydroquinone (H1), 2-diprenyl-1,4-hydroquinone (H2), 2-triprenyl-1,4-hydroquinone (H3) and 2-tetraprenyl-1,4-hydroquinone (H4) scavenged reactive oxygen species and inhibited 5-lipoxygenase (5-LO) activity in human neutrophils. The inhibition of 5-LO activity was demonstrated in vivo in the mouse air pouch injected with zy",Naunyn-Schmiedeberg's archives of pharmacology,"M C Terencio, M L Ferrándiz, I Posadas, E Roig, S de Rosa, A De Giulio, M Payá, M J Alcaraz"," Department of Pharmacology, University of Valencia, Faculty of Pharmacy, Burjassot, Spain.",1998 May;357(5):565-72,10.1007/pl00005209
25282400,20150201,article,mesh,"Acetic Acid,Acetone,Aged,Breath Tests,Butadienes,Esophagectomy,Female,Gastrectomy,Hemiterpenes,Humans,Hydrogen Cyanide,Male,Mass Spectrometry,Middle Aged,Nutritional Status,Oxidative Stress,Pentanes,Perioperative Period,Postoperative Complications,Prospective Studies","analysis,diagnosis,metabolism","D000096 Q000032 NN,D010420 Q000032 NN,D019342 Q000032 NN,D002070 Q000032 NN,D011183 Q000378 NY,D006856 Q000032 NN,D011183 Q000175 NY,D045782 Q000032 NN","176,180,768,6557",NULL,Breath metabolite response to major upper gastrointestinal surgery.,"BACKGROUND: Esophagectomy and gastrectomy are associated with profound metabolic changes and significant postoperative morbidity. The aim of this prospective clinical study was to determine whether breath analysis can offer novel insight into the surgical metabolic response and identify biomarkers of postoperative complications, including lung injury. METHODS: Breath samples were collected preoperatively and at 24, 48, 72, 96 and 168 h after esophagectomy (n = 25) and gastrectomy (n = 15). Targeted analysis",The Journal of surgical research,"Piers R Boshier, Vikash Mistry, Julia R Cushnir, Onn Min Kon, Sarah L Elkin, Sally Curtis, Nandor Marczin, George B Hanna"," Department of Surgery and Cancer, Imperial College London, St Mary's Hospital, London, United Kingdom. Department of Surgery and Cancer, Imperial College London, St Mary's Hospital, London, United Kingdom. Department of Surgery and Cancer, Imperial College London, St Mary's Hospital, London, United Kingdom. Department of Respiratory Medicine, St Mary's Hospital, Imperial College Healthcare NHS Trust, London, United Kingdom. Department of Respiratory Medicine, St Mary's Hospital, Imperial College Healthcare",2015 Feb;193(2):704-12,10.1016/j.jss.2014.09.004
25784134,20150801,article,mesh,"Antioxidants,Ascorbic Acid,Carbon Dioxide,Circadian Rhythm,Droughts,Gases,Linear Models,Malondialdehyde,Mediterranean Region,Oxidative Stress,Photosynthesis,Photosystem II Protein Complex,Plant Stomata,Principal Component Analysis,Propanols,Proteaceae,Quercetin,Seasons,Stress, Physiological,Terpenes,Volatilization,Water","chemistry,enzymology,metabolism,physiology","D008315 Q000378 NN,D001205 Q000378 NN,D002245 Q000378 NN,D000975 Q000378 NY,D045332 Q000378 NN,D020005 Q000378 NY,D039105 Q000502 NY,D011794 Q000378 NN,D014867 Q000737 NN,D013729 Q000378 NY,D005740 Q000378 NN,D039105 Q000201 NN,D054046 Q000502 NN","280,962,10964,5280343,23667548,54670067,54682511,86763295,101033550",NULL,Isoprenoids and phenylpropanoids are part of the antioxidant defense orchestrated daily by drought-stressed Platanus × acerifolia plants during Mediterranean summers.,"The hypothesis was tested that isoprenoids and phenylpropanoids play a prominent role in countering photooxidative stress, following the depletion of antioxidant enzyme activity in plants exposed to severe drought stress under high solar irradiance and high temperatures. Platanus × acerifolia, a high isoprene-emitting species, was drought-stressed during summer (WS) and compared with unstressed controls (WW). Water relations and photosynthetic parameters were measured under mild, moderate, and severe drough",The New phytologist,"Massimiliano Tattini, Francesco Loreto, Alessio Fini, Lucia Guidi, Cecilia Brunetti, Violeta Velikova, Antonella Gori, Francesco Ferrini"," Department of Biology, Agriculture and Food Sciences, The National Research Council of Italy (CNR), Institute for Sustainable Plant Protection, I-50019, Sesto Fiorentino (Florence), Italy. Department of Biology, Agriculture and Food Sciences, The National Research Council of Italy (CNR), I-00185, Rome, Italy. Department of Plant, Soil and Environmental Sciences, University of Florence, I-50019, Sesto Fiorentino (Florence), Italy. Department of Agriculture, Food and Environment, University of Pisa, I-56124,",2015 Aug;207(3):613-26,10.1111/nph.13380
30045999,20181030,article,NULL,NULL,NULL,NULL,NULL,NULL,MEMS sensor array-based electronic nose for breath analysis-a simulation study.,"The paper presents a simulation study of breath analysis based on theoretical models of microelectromechanical structure (MEMS) cantilever sensor array. The purpose of this study is to suggest a methodology for the development of MEMS electronic nose (e-nose) for monitoring disease-specific volatiles in exhaled breath. Oxidative stress and diabetes are taken as case studies for the assessment of e-nose designs. The detection of ethane for general oxidative stress, isoprene for hypoxia, and acetone for diabe",Journal of breath research,"Anurag Gupta, T Sonamani Singh, R D S Yadava"," Sensors & Signal Processing Laboratory, Department of Physics, Institute of Science, Banaras Hindu University, Varanasi 221005, India.",2018 Oct;13(1):016003,10.1088/1752-7163/aad5f1
3228715,19881201,article,mesh,"Animals,Benzene,Butadienes,Carcinogenicity Tests,Chloroprene,Chromosome Aberrations,Cyanates,Female,Hemiterpenes,Isocyanates,Male,Mice,Mutagenicity Tests,Mutagens,Pentanes",toxicity,"D003485 Q000633 NN,D001554 Q000633 NN,D002737 Q000633 NN,D002070 Q000633 NN","241,6557,12228,31369",NULL,The cytogenetic evaluation of in vivo genotoxic and cytotoxic activity using rodent somatic cells.,"With the growing realization that in vitro short-term tests for genotoxicity can never fully mimic in vivo conditions, the evaluation of genotoxic damage in somatic cells of rodents has played an increasingly important role in assessing the carcinogenic potential of suspect compounds. Among the various genotoxic endpoints assessed in in vivo somatic cell assays, cytogenetic endpoints (e.g., chromosomal aberrations, micronuclei, sister chromatid exchanges) continue to be used most frequently. The purpose of ",Cell biology and toxicology,R R Tice," Medical Department, Brookhaven National Laboratory, Upton, New York 11973.",1988 Dec;4(4):475-86,10.1007/bf00117775
9325023,19970901,article,mesh,"Animals,CHO Cells,Carbon,Cell Survival,Cricetinae,Filtration,Mutagenicity Tests,Neutral Red,Plants, Toxic,Product Surveillance, Postmarketing,Sister Chromatid Exchange,Tobacco,Tobacco Smoke Pollution,Volatilization","adverse effects,analysis,chemistry,cytology,drug effects,methods,toxicity,ultrastructure","D016466 Q000648 NN,D014028 Q000032 NN,D016466 Q000187 NN,D016466 Q000166 NN,D005374 Q000379 NY,D014026 Q000737 NN,D014028 Q000009 NY,D014026 Q000633 NY",11105,NULL,Evaluation of the genotoxic and cytotoxic potential of mainstream whole smoke and smoke condensate from a cigarette containing a novel carbon filter.,A novel carbon filter has been developed which primarily reduces the amount of certain vapor phase constituents of tobacco smoke with greater efficiency than the charcoal filters of cigarettes currently in the market. In vitro indicators of genotoxic and cytotoxic potential were used to compare the cigarette smoke condensate (particulate phase) or whole cigarette smoke (vapor phase and particulate phase) from cigarettes containing the novel carbon filter with smoke condensate or whole smoke from commercial ,Fundamental and applied toxicology : official journal of the Society of Toxicology,"D W Bombick, B R Bombick, P H Ayres, K Putnam, J Avalos, M F Borgerding, D J Doolittle"," Environmental and Molecular Toxicology Division, R. J. Reynolds Tobacco Company, Winston-Salem, North Carolina 27102, USA.",1997 Sep;39(1):11-7,10.1006/faat.1997.2334
10693340,20000101,article,mesh,"Adult,Alcohols,Aldehydes,Breath Tests,Chromatography, Gas,Female,Gas Chromatography-Mass Spectrometry,Gingivitis,Humans,Ketones,Male,Periodontal Index,Periodontitis,Reference Values,Saliva","analysis,chemistry,metabolism,methods,statistics &amp; numerical data","D002849 Q000706 NN,D001944 Q000379 YN,D010518 Q000378 NN,D000438 Q000032 NN,D012463 Q000737 NY,D008401 Q000706 NN,D000447 Q000032 NN,D005891 Q000378 NN,D008401 Q000379 NN,D002849 Q000379 NN,D007659 Q000032 NN",NULL,NULL,[The evaluation of periodontal status by the chemical composition of the oral media].,"Twelve patients aged 21-38 years with gingivitis and periodontitis and 9 subjects with intact periodontium were examined. Air from the oral cavity was collected with a special device, liquid samples were collected by gargling with sterile water. Chemical composition of the air and washings was analyzed by chromato-mass-spectrometry, gas adsorption and gas liquid chromatography. Inflammation of periodontal tissues was associated with a sharp increase in the oral air concentration of methylethylketone. The co",Stomatologiia,"A I Volozhin, E S Filatova, Iu A Petrovich, V K Il'in, O L Fomina",NULL,2000 Jan;79(1):13-6,NULL
11674635,19990723,article,NULL,NULL,NULL,NULL,NULL,NULL,Alkynyliodonium Salts in Organic Synthesis. Preparation of Annelated Dihydropyrroles by Cascade Addition/Bicyclization of Dienyltosylamide Anions with Phenyl(propynyl)iodonium Triflate.,"The addition of simple pentadienyltosylamide derivatives to the two-carbon electrophile phenyl(propynyl)iodonium triflate initiates a sequence of transformations that furnishes complex, highly functionalized cyclopentenannelated dihydropyrrole products in moderate yields with complete stereoselection. This sequence demonstrates that diyls resulting from homolytic scission of alkylidene carbene-alkene adducts can be readily accessed under mild experimental conditions and that, in the presence of appropriate ",The Journal of organic chemistry,"Ken S. Feldman, David. A. Mareska"," Chemistry Department, The Pennsylvania State University, University Park, Pennsylvania 16802.",1999 Jul;64(15):5650-5660,10.1021/jo9907538
12841138,20030101,article,xref,"Cellulitis,Child,Diagnosis, Differential,Face,Gas Chromatography-Mass Spectrometry,Humans,Lymphadenitis,Neck,Soft Tissue Infections","diagnosis,methods","D002481 Q000175 NY,D008401 Q000379 NY,D008199 Q000175 NY,D018461 Q000175 NY","6557,6560,8003,8063,14257,104428","128055817,128799830,128838492,129170463,129174879,129968000",[Use of chromato-mass-spectrometry for the differential diagnosis of suppurative and nonsuppurative inflammations in the maxillofacial area in children].,Ten children with inflammatory processes in the maxillofacial soft tissues and 10 healthy children were examined using chromato-mass-spectrometry of the chemical composition of oral cavity air. Air samples were collected by an adsorbent sample collector by individual sucking and analyzed on a Finnigan MAT chromato-mass-spectrometer. The concentrations of short-chain fatty acids and minor ketones were increased and normally absent isobutyl alcohol appeared in the oral cavity air in patients with serous infla,Stomatologiia,"A I Volozhin, O E Aleshina, V V Rogonskiĭ",NULL,2003 Jan;82(3):28-31,NULL
12851916,20030101,review,"xref,mesh","Arteriosclerosis,Butadienes,Cardiovascular Diseases,Catecholamines,Hemiterpenes,Humans,Hyperhomocysteinemia,Inflammation,Pentanes,Risk Factors,Sulfates,Sympathetic Nervous System,Uremia","complications,epidemiology,etiology,metabolism,physiopathology,prevention &amp; control","D013431 Q000378 NN,D001161 Q000453 NN,D002318 Q000209 NN,D010420 Q000378 NN,D001161 Q000209 NN,D013564 Q000503 NN,D007249 Q000453 NN,D002395 Q000378 NN,D001161 Q000517 NY,D014511 Q000503 NN,D002318 Q000503 NN,D014511 Q000150 NY,D002070 Q000378 NN,D020138 Q000453 NN,D002318 Q000517 NN,D045782 Q000378 NN,D002318 Q000453 NN","778,5862,6557","127838534,129170463,129742316",[Emerging risk factors and prevention of atherosclerosis in uraemia].,"A high rate of cardiovascular morbidity and mortality in uremic patients was documented early in the 1970s, and this remained unchanged according to more recent European and U.S. American registry report. In large cross-section studies of uremic patients, traditional cardiovascular risk factors such as hypertension and hypercholesterolemic have been found to have low predictive power, while emerging factors such as markers of inflammation and malnutrition, are strongly correlated with cardiovascular mortali",Giornale italiano di nefrologia : organo ufficiale della Societa italiana di nefrologia,"M Timio, P Saronio, C Verdura, S Venanzi, F Timio"," Dipartimento di Medicina Interna, Nefrologia e Dialisi, Ospedale San Giovanni Battista, Foligno (PG), Italy.",2003 Jan;?(?):S17-21,NULL
15997653,20050301,review,"xref,mesh","Biomarkers,Butadienes,Ethane,Hemiterpenes,Humans,Hydrocarbons,Kidney Failure, Chronic,Malondialdehyde,Nitric Oxide,Nucleic Acids,Oxidative Stress,Pentanes,Prostaglandins F,Thiobarbituric Acid Reactive Substances","blood,metabolism","D008315 Q000378 NN,D011460 Q000378 NN,D010420 Q000378 NN,D009696 Q000378 NN,D009569 Q000378 NN,D007676 Q000097 NN,D002070 Q000378 NN,D004980 Q000378 NN,D007676 Q000378 NY,D017392 Q000378 NN,D006838 Q000378 NN,D045782 Q000378 NN,D015415 Q000378 NY","6324,6557,10964,145068,1268265","129170463,129287822,129627858",[Determination of selected biomarkers can be used in monitoring oxidative stress in the course of chronic failure].,"The aim of the study was to assess oxidative stress biomarkers considering the simplicity of their determination, invasiveness of material collection and their specificity. The following oxidative stress markers were evaluated: malonyldialdehyde, thiobarbituric acid reactive lipid peroxidation products, prostaglandin F2alpha, nitric oxide derivatives, nucleic acid damage products, advanced oxidation protein products and gas components in exhaled air: nitric oxide, hydrocarbons, isoprene, ethane. Analysis of",Polski merkuriusz lekarski : organ Polskiego Towarzystwa Lekarskiego,"Elbieta Potargowicz, Jacek Rysz, Ewa Szerszenowicz, Robert Olszewski, Dariusz Nowak", Zakład Fizjologii Doświadczalnej i Klinicznej UM w Lodzi.,2005 Mar;18(105):358-61,NULL
16211237,20051101,review,xref,"Cell Adhesion,Cell Death,Cell Proliferation,Humans,Hydroxymethylglutaryl-CoA Reductase Inhibitors,Neoplasm Metastasis,Neoplasms,Radiation, Ionizing,ras GTPase-Activating Proteins,rho GTP-Binding Proteins","drug effects,drug therapy,pharmacology,physiology,therapeutic use","D020741 Q000502 NN,D009369 Q000188 NY,D019161 Q000494 NY,D002448 Q000187 NN,D020703 Q000502 NN,D020703 Q000187 NN,D020741 Q000187 NN,D019161 Q000627 NY",6557,129170463,HMG-CoA reductase inhibitors (statins) as anticancer drugs (review).,"Apart from their lipid lowering activity, HMG-CoA reductase inhibitors (statins) impair numerous cellular functions associated with metastasis, e.g. gene expression, angiogenesis, cell adhesion, cell motility and invasiveness. Furthermore, statins have impact on apoptotic cell death and modulate cellular susceptibility to cell killing by anticancer drugs and ionizing radiation. Part of the effects provoked by statins are due to the inhibition of the prenylation of low molecular weight GTPases, in particular",International journal of oncology,Gerhard Fritz," Department of Toxicology, University of Mainz, D-55131 Mainz, Germany. fritz@uni-mainz.de",2005 Nov;27(5):1401-9,NULL
16688337,20060521,article,xref,NULL,NULL,NULL,"6557,7434,7612,10566,34700,78802,305451,342343","128722879,129170463,129219962,129341613,129794852,129950273,243557822,244568237","Nitrobenzoxadiazoles and related heterocycles: a relationship between aromaticity, superelectrophilicity and pericyclic reactivity.","A study of the dual electrophilic and pericyclic reactivity of 4,6-dinitrobenzofurazan (DNBZ, 2), 4,6-dinitro-2,1,3-benzothiadiazole (DNBS, 3), 4,6-dinitro-2,1,3-benzoselenadiazole (DNBSe, 4) is reported. Kinetic and thermodynamic measurements of the ease of covalent hydration of 2-4 to give the corresponding hydroxy sigma-adducts C-2-C-4 have been carried out over a large pH range in aqueous solution. Analysis of the data has allowed a determination of the rate constants k1(H2O) pertaining to the susceptib",Organic & biomolecular chemistry,"Sami Lakhdar, Régis Goumont, Taoufik Boubaker, Malika Mokhtari, François Terrier"," Laboratoire SIRCOB, Institut Lavoisier, UMR CNRS 8180, Université de Versailles, 45 Avenue des Etats-Unis, 78035 Versailles Cedex, France.",2006 May;4(10):1910-9,10.1039/b602002j
17221170,20061201,article,xref,"Animals,Anti-Inflammatory Agents,Calotropis,Latex,Rats, Wistar,Renal Dialysis",pharmacology,D000893 Q000494 NN,"774,2662,5426","128754351,129202881,129356432",Pro- and anti-inflammatory activities of the latex from Calotropis procera (Ait.) R.Br. are triggered by compounds fractionated by dialysis.,"OBJECTIVES AND DESIGN: Previous studies have described pro- and anti-inflammatory activities displayed by the latex from Calotropis procera. This report aims to clarify these observations and shows that such activities can be segregated from the whole latex. METHODS: The latex was divided into water-soluble fractions devoid of poly-isoprene by centrifugation and dialysis and both the activities were assayed by the peritonitis model in rats. The drugs dexamethasone, thalidomide, meclizine, indomethacin and c",Inflammation research : official journal of the European Histamine Research Society ... [et al.],"N M N Alencar, J S Oliveira, R O Mesquita, M W Lima, M R Vale, J P Etchells, C D T Freitas, M V Ramos"," Departamento de Fisiologia e Farmacologia, Universidade Federal do Ceará, Campus do Pici, Cx, Postal 6033, Fortaleza-Ceará, CEP 60.451-970, Brasil.",2006 Dec;55(12):559-64,10.1007/s00011-006-6025-y
17596604,20070628,article,"xref,mesh","Biomarkers,Bone Marrow Transplantation,Child, Preschool,Cytokines,Failure to Thrive,Fever,Humans,Inflammation,Male,Metabolism, Inborn Errors,Mevalonic Acid,Mutation, Missense,Phosphotransferases (Alcohol Group Acceptor),Transplantation, Homologous","blood,complications,deficiency,etiology,genetics,therapy,urine","D008798 Q000652 NY,D008661 Q000628 NY,D017853 Q000172 NY,D008661 Q000097 NN,D017853 Q000235 NN,D008661 Q000150 NN,D005334 Q000209 NN,D007249 Q000209 NN,D016207 Q000097 NN,D005183 Q000209 NN,D015415 Q000097 NN","449,6557,439230,4478250,5288798","128392422,128392423,129170463",Allogeneic bone marrow transplantation in mevalonic aciduria.,"Mevalonic aciduria is a rare, inborn error of isoprene biosynthesis characterized by severe, periodic attacks of fever and inflammation, developmental delay, ataxia, and dysmorphic features. This autosomal recessive disease is caused by a mutation in the mevalonate kinase gene that severely reduces mevalonate kinase activity. A 3-year-old boy with mevalonic aciduria whose condition had failed to improve with antiinflammatory treatment underwent allogeneic bone marrow transplantation from an HLA-identical si",The New England journal of medicine,"Bénédicte Neven, Vassili Valayannopoulos, Pierre Quartier, Stéphane Blanche, Anne-Marie Prieur, Marianne Debré, Marie-Odile Rolland, Daniel Rabier, Laurence Cuisset, Marina Cavazzana-Calvo, Pascale de Lonlay, Alain Fischer"," Unité d'Immuno-Hématologie et Rhumatologie Pédiatrique, Assistance Publique-Hôpitaux de Paris, Paris, France.",2007 Jun;356(26):2700-3,10.1056/nejmoa070715
20485794,20100607,article,xref,NULL,NULL,NULL,"702,1049,6342,7855,12586,76209","128329009,128482492,128718804,129240475,129571406,129608710",Intrinsic acidity and electrophilicity of gaseous propargyl/allenyl carbocations.,"The ion/molecule chemistry of four representative propagyl/allenyl cations 1-4 of the general formula R(1)CH(+)-C[triple bond]C-R (a) <--> R(1)CH=C=C(+)-R (b), that is, the reactive C(3)H(3)(+) ions of m/z 39 from EI of propargyl chloride (H(2)C(+)-C[triple bond]C-H, 1a), isomeric C(4)H(5)(+) ions of m/z 53 from EI of 3-butyne-2-ol (2a, H(2)C(+)-C[triple bond]C-CH(3)) and 2-butyne-1-ol (CH(3)-CH(+)-C[triple bond]C-H, 3a), and Ph-C(3)H(2)(+) ions of m/z 115 from 3-phenyl-2-propyn-1-ol (H(2)C(+)-C[triple bond",Organic & biomolecular chemistry,"Priscila M Lalli, Yuri E Corilo, Patrícia V Abdelnur, Marcos N Eberlin, Kenneth K Laali"," ThoMSon Mass Spectrometry Laboratory, Institute of Chemistry, University of Campinas-UNICAMP, 13083-970 Campinas, São Paulo, Brazil.",2010 Jun;8(11):2580-5,10.1039/c001985b
21356574,20110501,article,"xref,mesh","Antineoplastic Agents,Apoptosis,Blotting, Western,Bone Neoplasms,Cell Cycle,Cell Proliferation,Cisplatin,DNA Damage,Diphosphonates,Doxorubicin,Fibrosarcoma,Humans,Lovastatin,Metformin,Mevalonic Acid,Osteosarcoma,Phosphorylation,RNA, Messenger,Reverse Transcriptase Polymerase Chain Reaction,Signal Transduction,Tumor Cells, Cultured,Tumor Suppressor Protein p53","antagonists &amp; inhibitors,drug effects,drug therapy,genetics,metabolism,pathology,pharmacology","D012333 Q000235 NN,D000970 Q000494 NY,D001859 Q000188 NN,D017209 Q000187 NY,D004317 Q000494 NN,D001859 Q000473 NN,D012516 Q000235 NN,D008798 Q000037 NY,D004249 Q000187 NY,D001859 Q000235 NN,D049109 Q000187 NN,D002945 Q000494 NN,D008148 Q000494 NN,D008687 Q000494 NN,D012516 Q000473 NN,D016159 Q000235 NN,D005354 Q000473 NN,D016159 Q000378 NN,D002453 Q000187 NN,D004164 Q000494 NN,D005354 Q000235 NN,D012516 Q000188 NY,D010766 Q000187 NN,D005354 Q000188 NY,D015398 Q000187 NY","449,4091,6557,14219,31703,53232,84691,439230,441203,443939,4478250,5288798","53787595,53789068,53789703,128392422,128392423,128898221,129170463,129765044",Mevalonate pathway inhibitors affect anticancer drug-induced cell death and DNA damage response of human sarcoma cells.,"Lovastatin (Lov), bisphosphonates (BP) and metformin (Met) are widely used drugs, having in common that they interfere with the mevalonate pathway (MP). The MP generates isoprene moieties required for the function of regulatory GTPases controlling cell proliferation and survival. Here, we addressed the question whether MP inhibitors interfere with the anti-tumor efficacy of anticancer drugs. We comparatively analyzed the effect of equitoxic doses of Lov, BP and Met on cell viability, cell cycle progression,",Cancer letters,"S Nilsson, J Huelsenbeck, G Fritz"," Institute of Toxicology, University Medical Center of the Johannes Gutenberg University Mainz, Obere Zahlbacher Str. 67, D-55131 Mainz, Germany.",2011 May;304(1):60-9,10.1016/j.canlet.2010.12.022
21780552,20110701,review,"xref,mesh","Adhesiveness,Animals,Anti-Inflammatory Agents, Non-Steroidal,Biological Availability,Chemistry, Pharmaceutical,Disease Models, Animal,Drug Carriers,Drug Compounding,Edema,Humans,Inflammation,Ketoprofen,Peptic Ulcer,Rats,Risk Assessment,Skin Absorption,Swine,Technology, Pharmaceutical,Transdermal Patch","administration &amp; dosage,chemically induced,chemistry,drug therapy,methods,pharmacokinetics,prevention &amp; control,toxicity","D000894 Q000493 NN,D000894 Q000633 NN,D007660 Q000633 NN,D000894 Q000737 NN,D007249 Q000188 NY,D007660 Q000493 NN,D007660 Q000737 NN,D010437 Q000139 NN,D000894 Q000008 NY,D013678 Q000379 NN,D004487 Q000517 NN,D007660 Q000008 NY","3825,69676","127749755,129308074","Physical characteristics, pharmacological properties and clinical efficacy of the ketoprofen patch: a new patch formulation.","OBJECTIVE: The mechanism of action of non-steroidal anti-inflammatory drugs (NSAIDs), to which ketoprofen belongs, is based on their cyclo-oxigenase (COX) inhibiting action, concerning both subtype COX-1 constitutive isoform and COX-2 inducible isoform. Ketoprofen administration may be carried out by oral and parenteral routes as well as by topical application, which includes transdermic patch use. Following a synthetic description of the results obtained by several investigators on ketoprofen use, the Auth",European review for medical and pharmacological sciences,"H Adachi, F Ioppolo, M Paoloni, V Santilli"," New Technologies Noven Pharmaceuticals Inc., Florida, USA. hadachi@noven.com",2011 Jul;15(7):823-30,NULL
22285587,20120830,article,"xref,mesh","Alkenes,Butadienes,Comet Assay,Epoxy Compounds,HL-60 Cells,Hemiterpenes,Humans,Leukocytes, Mononuclear,Mutagens,Pentanes","drug effects,toxicity","D010420 Q000633 NN,D007963 Q000187 NY,D045782 Q000633 NN,D004852 Q000633 NY,D018922 Q000187 NY,D002070 Q000633 NN,D009153 Q000633 NY,D000475 Q000633 NN","6557,7845,11254,160438,54277882,57271697,123446892","127523511,128353953,129159778,129170463,129894555,136237359,324157522",Genotoxicity of alkene epoxides in human peripheral blood mononuclear cells and HL60 leukaemia cells evaluated with the comet assay.,"Volatile organic compounds (VOCs) exert their carcinogenic activity through the production of epoxide metabolites. Because of their high reactivity some epoxides are also produced in the chemical industry for the synthesis of other compounds. Therefore, human exposure to VOCs epoxides does occur and may be an important human health concern. In this study, the in vitro genotoxic potential of epoxides originating from 1,3-butadiene (3,4-epoxy-1-butene: EB; 1,2:3,4-diepoxybutane: DEB), isoprene (3,4-epoxy-2-me",Mutation research,"Roberto Fabiani, Patrizia Rosignoli, Angelo De Bartolomeo, Raffaela Fuccelli, Guido Morozzi"," Dipartimento di Specialità Medico-Chirurgiche e Sanità Pubblica, Università di Perugia, via del Giochetto, Perugia, Italy. fabirob@unipg.it",2012 Aug;747(1):1-6,10.1016/j.mrgentox.2012.01.004
24677760,20150201,article,mesh,"Adolescent,Biomarkers,Breath Tests,Child,Cholesterol,Exhalation,Feasibility Studies,Humans,Liver,Mass Spectrometry,Oxidative Stress,Pediatric Obesity,Predictive Value of Tests,Thinness,United States,Volatile Organic Compounds","biosynthesis,metabolism,methods,physiopathology","D055549 Q000378 NY,D008099 Q000503 NY,D063766 Q000378 NY,D013851 Q000378 NY,D013851 Q000503 NN,D015415 Q000378 NN,D002784 Q000096 NN,D001944 Q000379 NY,D063766 Q000503 NN","304,5997,5283629",NULL,Breathprints of childhood obesity: changes in volatile organic compounds in obese children compared with lean controls.,"OBJECTIVE: The objective of this study was to investigate changes in volatile organic compounds (VOCs) in exhaled breath in overweight/obese children compared with their lean counterparts. STUDY DESIGN: Single exhaled breath was collected and analyzed per protocol using selective ion flow tube mass spectrometry (SIFT-MS). RESULTS: Sixty overweight/obese children and 55 lean controls were included. Compared with the lean group, the obese group was significantly older (14.1 ± 2.8 vs. 12.1 ± 3.0 years), taller",Pediatric obesity,"N Alkhouri, K Eng, F Cikach, N Patel, C Yan, A Brindle, E Rome, I Hanouneh, D Grove, R Lopez, S L Hazen, Raed A Dweik"," Department of Pediatric Gastroenterology and Hepatology, Cleveland Clinic, Cleveland, OH, USA; Digestive Disease Institute, Cleveland Clinic, Cleveland, OH, USA; Center for Cardiovascular Diagnostics and Prevention, Cleveland Clinic, Cleveland, OH, USA.",2015 Feb;10(1):23-9,10.1111/j.2047-6310.2014.221.x
25291386,20141201,review,NULL,NULL,NULL,NULL,NULL,NULL,Chemical-proteomic strategies to investigate cysteine posttranslational modifications.,"The unique combination of nucleophilicity and redox-sensitivity that is characteristic of cysteine residues results in a variety of posttranslational modifications (PTMs), including oxidation, nitrosation, glutathionylation, prenylation, palmitoylation and Michael adducts with lipid-derived electrophiles (LDEs). These PTMs regulate the activity of diverse protein families by modulating the reactivity of cysteine nucleophiles within active sites of enzymes, and governing protein localization between soluble ",Biochimica et biophysica acta,"Shalise M Couvertier, Yani Zhou, Eranthie Weerapana"," Boston College, Chestnut Hill, MA 02467, USA. Boston College, Chestnut Hill, MA 02467, USA. Boston College, Chestnut Hill, MA 02467, USA. Electronic address: eranthie@bc.edu.",2014 Dec;1844(12):2315-30,10.1016/j.bbapap.2014.09.024
25600464,20160101,review,mesh,"Bioreactors,Carotenoids,Catalase,Fermentation,Mucorales,Oxidative Stress,Reactive Oxygen Species,Superoxide Dismutase","enzymology,metabolism,microbiology,physiology","D019149 Q000382 NY,D009090 Q000378 YN,D009090 Q000201 YN,D002338 Q000378 NY,D009090 Q000502 YN",6419725,NULL,The role of oxidative stress on carotene production by Blakeslea trispora in submerged fermentation.,"In aerobic metabolism, reactive oxygen species (ROS) are formed during the fermentation that can cause oxidative stress in microorganisms. Microbial cells possess both enzymatic and non-enzymatic defensive systems that may protect cells from oxidative damage. The antioxidant enzymes superoxide dismutase and catalase are the two key defensive enzymes to oxidative stress. The factors that induce oxidative stress in microorganisms include butylated hydroxytoluene (BHT), hydrogen peroxide, metal ions, dissolved",Critical reviews in biotechnology,Triantafyllos Roukas," a Laboratory of Food Engineering and Processing, Department of Food Science and Technology , Aristotle University , Thessaloniki , Greece.",2016 Jan;36(3):424-33,10.3109/07388551.2014.989424
25749754,20150309,article,mesh,"Aldehydes,Animals,Biomarkers,Breath Tests,Carbon Monoxide,Electrochemistry,Equipment Design,Exhalation,Female,Gas Chromatography-Mass Spectrometry,Humans,Lung Neoplasms,Male,Models, Animal,Monitoring, Intraoperative,Nitric Oxide,Point-of-Care Systems,Predictive Value of Tests,Swine,Volatile Organic Compounds","analysis,diagnosis,instrumentation,physiology","D055549 Q000032 NY,D008175 Q000175 NN,D009569 Q000032 NN,D008401 Q000295 NN,D045853 Q000502 NN,D000447 Q000032 NN,D004563 Q000295 NN,D015415 Q000032 NY,D002248 Q000032 NN,D001944 Q000295 NY,D016343 Q000295 NN","281,145068",NULL,"Electrochemical sensor system for breath analysis of aldehydes, CO and NO.",Bulky and hyphenated laboratory-based analytical instrumentation such as gas chromatography/mass spectrometry is still required to trace breath biomarkers in the low ppbV level. Innovative sensor-based technologies could provide on-site and point-of-care (POC) detection of volatile biomarkers such as breath aldehydes related to oxidative stress and cancer. An electrochemical sensor system was developed for direct detection of the total abundance of aldehydes in exhaled breath in the ppbV level and for simul,Journal of breath research,"J Obermeier, P Trefz, K Wex, B Sabel, J K Schubert, W Miekisch"," Department of Anaesthesiology and Intensive Care, University Medical Center Rostock, Schillingallee 70, 18057 Rostock, Germany.",2015 Mar;9(1):016008,10.1088/1752-7155/9/1/016008
27443565,20160901,article,mesh,"Adult,Biomarkers,Breath Tests,Exhalation,Female,Humans,Kidney Failure, Chronic,Male,Middle Aged,Renal Dialysis,Volatile Organic Compounds","adverse effects,analysis,diagnosis,metabolism,methods,therapy","D055549 Q000032 NY,D007676 Q000378 NN,D006435 Q000379 NY,D006435 Q000009 NY,D007676 Q000175 NN,D007676 Q000628 NY,D015415 Q000032 NN",NULL,NULL,Exhaled breath volatile organic and inorganic compound composition in end-stage renal disease.,"AIMS: Patients with end-stage renal disease (ESRD) are characterized by uremia and increased oxidative stress. The aim of this study was to investigate the influence of hemodialysis on breath ammonia and volatile oxidative stress parameters. METHODS: Breath analysis was performed in 18 ESRD patients prior, during, and 30 minutes after a hemodialysis session. Parameters of hemodialysis efficiency and oxidative stress (lipid peroxides, total antioxidative capacity, myeloperoxidase, and malondialdehyde) were m",Clinical nephrology,"Ulf Schönermarck, Christina Dengler, Annegret Gmeinwieser, Siegfried Praun, Gustav Schelling, Michael Fischereder, Anne-Laure Boulesteix, Michael E Dolch",NULL,2016 Sep;86(9):132-40,10.5414/cn108614
27724930,20160101,article,mesh,"A549 Cells,Anti-Bacterial Agents,Apoptosis,DNA Damage,Escherichia coli,Hep G2 Cells,Humans,Infection,Neoplasms,Nitrogen,Reactive Oxygen Species,Staphylococcus aureus,Terpenes","administration &amp; dosage,chemistry,drug effects,drug therapy,metabolism,pathogenicity","D000900 Q000737 NN,D017209 Q000187 NY,D000900 Q000008 NY,D017382 Q000378 NN,D013729 Q000008 NY,D013211 Q000187 NN,D013211 Q000472 NN,D009369 Q000188 NN,D004926 Q000187 NN,D009584 Q000737 NN,D004249 Q000187 NN,D004926 Q000472 NN,D007239 Q000188 NN",947,NULL,"Antibacterial, cytotoxic and genotoxic activity of nitrogenated and haloid derivatives of C(50)-C(60) and C(70)-C(120) polyprenol homologs.",BACKGROUND: Polyprenol is an important lipid with many bioactive effects. The study on differences in bioactive effects of polyprenol derivatives having different isoprene units are seldom reported and it is helpful to find out which type of polyprenol derivatives are effective for treating A549/HepG2 cells and E. coli /S. aureus. METHODS: All tested polyprenol derivatives were measured with inhibition halos by Oxford cup assays. MIC values were assessed by the broth dilution method. Time-killing curve stud,Lipids in health and disease,"Ran Tao, Cheng-Zhang Wang, Jian-Zhong Ye, Hao Zhou, Hong-Xia Chen, Chang-Wei Zhang"," Institute of Chemical Industry of Forest Products, CAF, Nanjing, Jiangsu Province, 210042, China. Research Institute of Forestry New Technology, CAF, Beijing, 100091, China. Institute of Chemical Industry of Forest Products, CAF, Nanjing, Jiangsu Province, 210042, China. wangczlhs@sina.com. Research Institute of Forestry New Technology, CAF, Beijing, 100091, China. wangczlhs@sina.com. Institute of Chemical Industry of Forest Products, CAF, Nanjing, Jiangsu Province, 210042, China. Institute of Chemical Ind",2016 Jan;15(1):175,10.1186/s12944-016-0345-x
28068288,20170109,article,mesh,"Ammonia,Blood Gas Analysis,Breath Tests,Butadienes,Cardiac Output,Electric Impedance,Exhalation,Female,Hemiterpenes,Humans,Hydrogen-Ion Concentration,Male,Mass Spectrometry,Middle Aged,Pentanes,Respiration, Artificial,Time Factors,Tomography,Volatile Organic Compounds","analysis,methods","D055549 Q000032 NY,D010420 Q000032 NN,D002070 Q000032 NN,D014054 Q000379 NY,D045782 Q000032 NN,D001944 Q000379 NY,D000641 Q000032 NN","222,6557",NULL,Monitoring of breath VOCs and electrical impedance tomography under pulmonary recruitment in mechanically ventilated patients.,"Analysis of exhaled VOCs can provide information on physiology, metabolic processes, oxidative stress and lung diseases. In critically ill patients, VOC analysis may be used to gain complimentary information beyond global clinical parameters. This seems especially attractive in mechanically ventilated patients frequently suffering from impairment of gas exchange. This study was intended to assess (a) the effects of recruitment maneuvers onto VOC profiles, (b) the correlations between electrical impedance to",Journal of breath research,"Beate Brock, Svend Kamysek, Josephine Silz, Phillip Trefz, Jochen K Schubert, Wolfram Miekisch"," Department of Anaesthesia and Intensive Care Medicine, Rostock University Medical Center, Schillingallee 35, D-18057 Rostock, Germany.",2017 Jan;11(1):016005,10.1088/1752-7163/aa53b2
28117734,20170101,article,mesh,"Antimutagenic Agents,Bacterial Proteins,Bleomycin,Cell Line,Cell Survival,Chromosome Aberrations,Chromosomes, Human,DNA Damage,Hep G2 Cells,Humans,Leukocytes,Mutation,Phloroglucinol,Salmonella typhimurium,Terpenes","analogs &amp; derivatives,drug effects,genetics,pharmacology,toxicity","D002470 Q000187 NN,D002877 Q000187 NN,D001426 Q000235 NN,D001761 Q000633 NY,D016587 Q000494 NY,D004249 Q000187 NY,D013729 Q000494 NY,D012486 Q000235 NY,D010696 Q000031 NY,D009154 Q000187 NN,D002869 Q000187 NY,D010696 Q000494 NN","359,3662,72466,84068,441298,456190,5360373,5460769,5496540,12900288,21864427,46930981,54608728,57336513,57417070,71587153,102215607,102601374,122172957,133562634,133562635",NULL,Hyperforin Exhibits Antigenotoxic Activity on Human and Bacterial Cells.,"Hyperforin (HF), a substance that accumulates in the leaves and flowers of Hypericum perforatum L. (St. John's wort), consists of a phloroglucinol skeleton with lipophilic isoprene chains. HF exhibits several medicinal properties and is mainly used as an antidepressant. So far, the antigenotoxicity of HF has not been investigated at the level of primary genetic damage, gene mutations, and chromosome aberrations, simultaneously. The present work is designed to investigate the potential antigenotoxic effects ","Molecules (Basel, Switzerland)","Petronela Imreova, Jana Feruszova, Stanislav Kyzek, Kristina Bodnarova, Martina Zduriencikova, Katarina Kozics, Pavel Mucaji, Eliska Galova, Andrea Sevcovicova, Eva Miadokova, Ivan Chalupa"," Department of Genetics, Faculty of Natural Sciences, Comenius University, Mlynská dolina B1, Ilkovičova 6, 842 15 Bratislava, Slovakia. petra.imreova@gmail.com. Department of Genetics, Faculty of Natural Sciences, Comenius University, Mlynská dolina B1, Ilkovičova 6, 842 15 Bratislava, Slovakia. jana.feruszova@gmail.com. Department of Genetics, Faculty of Natural Sciences, Comenius University, Mlynská dolina B1, Ilkovičova 6, 842 15 Bratislava, Slovakia. stanislavkyzek@gmail.com. Department of Genetics, Fa",2017 Jan;22(1):?,10.3390/molecules22010167
28803474,20170825,article,mesh,"Biological Products,Butadienes,Dipeptides,Hemiterpenes,Indoles,Molecular Structure,Organophosphorus Compounds,Pentanes,Prenylation,Proline,Terpenes,Water","analogs &amp; derivatives,chemical synthesis,chemistry","D045782 Q000737 NY,D013729 Q000737 NY,D004151 Q000737 NY,D009943 Q000737 NY,D007211 Q000737 NY,D002070 Q000737 NY,D011392 Q000031 NY,D013729 Q000138 NN,D010420 Q000737 NY,D011392 Q000737 NY,D007211 Q000138 NN","614,647,962,6557,8988,145742,14409732,15983958,16204482",NULL,Bioinspired Indole Prenylation Reactions in Water.,"Isoprene units derived from dimethylallyl diphosphate (DMAPP) are an important motif in many natural products including terpenoids, carotenoids, steroids, and natural rubber. Understanding the chemical characteristics of DMAPP is an important topic in natural products chemistry, organic chemistry, and biochemistry. We have developed a direct bioinspired indole prenylation reaction using DMAPP or its equivalents as the electrophile in homogeneous aqueous acidic media in the absence of enzyme to provide preny",Journal of natural products,"Satomi Tanaka, Shinya Shiomi, Hayato Ishikawa"," Department of Chemistry, Graduate School of Science and Technology, Kumamoto University , 2-39-1, Kurokami, Chuo-ku, Kumamoto 860-8555, Japan. Department of Chemistry, Graduate School of Science and Technology, Kumamoto University , 2-39-1, Kurokami, Chuo-ku, Kumamoto 860-8555, Japan. Department of Chemistry, Graduate School of Science and Technology, Kumamoto University , 2-39-1, Kurokami, Chuo-ku, Kumamoto 860-8555, Japan.",2017 Aug;80(8):2371-2378,10.1021/acs.jnatprod.7b00464
28970013,20171115,review,mesh,"Animals,Estrogens,Humans,Signal Transduction,Terpenes","chemistry,drug effects,pharmacology","D013729 Q000494 NY,D013729 Q000737 NN,D015398 Q000187 NN,D004967 Q000494 NY,D004967 Q000737 NN",NULL,NULL,"Estrogenic terpenes and terpenoids: Pathways, functions and applications.","Terpenes are made of the isoprene unit (C(5)), and along with their derivatives, terpenoids, they are widely distributed in plants as active ingredients involved in anti-inflammation, anti-carcinogenesis and neuroprotection. Estrogenic terpenes and terpenoids are an important category of phytoestrogens and have been used as traditional medicines. The comprehensive list of estrogenic terpenes and terpenoids includes hemi-, mono-, sesqui-, di-, tri-, tetra- and polyterpenes, their derivatives, and meroterpene",European journal of pharmacology,Ryoiti Kiyama," Faculty of Life Science, Kyushu Sangyo University, Fukuoka, Japan. Electronic address: kiyama.r@ip.kyusan-u.ac.jp.",2017 Nov;815(?):405-415,10.1016/j.ejphar.2017.09.049
29216246,20170101,article,mesh,"Actinomycetaceae,Anti-Bacterial Agents,Carbohydrate Metabolism,Drug Resistance, Microbial,Fermentation,Genome, Bacterial,Genotype,Lipid Metabolism,Oxidative Stress,Phenotype,Phylogeny,Pyruvic Acid","classification,genetics,metabolism,pathogenicity,pharmacology","D000191 Q000378 NN,D000900 Q000494 NN,D000191 Q000145 NN,D019289 Q000378 NN,D000191 Q000235 NY,D000191 Q000472 NN","1060,107735",NULL,"Draft genome sequence of Actinotignum schaalii DSM 15541T: Genetic insights into the lifestyle, cell fitness and virulence.","The permanent draft genome sequence of Actinotignum schaalii DSM 15541T is presented. The annotated genome includes 2,130,987 bp, with 1777 protein-coding and 58 rRNA-coding genes. Genome sequence analysis revealed absence of genes encoding for: components of the PTS systems, enzymes of the TCA cycle, glyoxylate shunt and gluconeogensis. Genomic data revealed that A. schaalii is able to oxidize carbohydrates via glycolysis, the nonoxidative pentose phosphate and the Entner-Doudoroff pathways. Besides, the g",PloS one,"Atteyet F Yassin, Stefan Langenberg, Marcel Huntemann, Alicia Clum, Manoj Pillay, Krishnaveni Palaniappan, Neha Varghese, Natalia Mikhailova, Supratim Mukherjee, T B K Reddy, Chris Daum, Nicole Shapiro, Natalia Ivanova, Tanja Woyke, Nikos C Kyrpides"," Institut für medizinische Mikrobiologie und Immunologie der Universität Bonn, Bonn, Germany. Klinik und Poliklinik für Hals-Nasen-Ohrenheilkunde/Chirurgie, Bonn, Germany. Department of Energy Joint Genome Institute, Genome Biology Program, Walnut Creek, CA, United States of America. Department of Energy Joint Genome Institute, Genome Biology Program, Walnut Creek, CA, United States of America. Department of Energy Joint Genome Institute, Genome Biology Program, Walnut Creek, CA, United States of America. D",2017 Jan;12(12):e0188914,10.1371/journal.pone.0188914
