1455436,19920101,article,mesh,"Animals,B-Lymphocytes,Cell Division,Cell Survival,Cytotoxicity, Immunologic,Killer Cells, Natural,Liver,Male,Mice,Mice, Inbred C3H,Mice, Inbred C57BL,Organ Size,Rats,Rats, Sprague-Dawley,Spleen,T-Lymphocytes,Tetrachloroethylene","adverse effects,cytology,drug effects,immunology","D007694 Q000187 NY,D002455 Q000187 NN,D007694 Q000166 NN,D001402 Q000166 NN,D008099 Q000276 NN,D003602 Q000187 NY,D001402 Q000187 NY,D013154 Q000166 NY,D013154 Q000276 NN,D013601 Q000166 NN,D013601 Q000187 NY,D013750 Q000009 NY,D008099 Q000166 NY",31373,NULL,Effects of tetrachloroethylene on hepatic and splenic lymphocytotoxic activities in rodents.,"The industrial solvent tetrachloroethylene (TCE) is a liver carcinogen in experimental animals but is without significant genotoxicity. Presumably some nongenotoxic mechanism accounts for its cancer-causing effects. We have therefore investigated the effects of TCE on splenic and hepatic lymphocytotoxic activities in Sprague-Dawley rats and B6C3F1 mice, following in vivo and in vitro exposure to TCE. Natural killer (NK), natural cytotoxic, and ""natural P815 killer"" activities were measured in liver- and spl",Toxicology and industrial health,"L M Schlichting, P F Wright, N H Stacey"," Toxicology Unit, National Institute of Occupational Health and Safety Worksafe Australia, University of Sydney, NSW.",1992 Jan;8(5):255-66,NULL
3715914,19860401,article,mesh,"Animals,DNA Repair,DNA, Single-Stranded,Injections, Intraperitoneal,Kidney,Liver,Lung,Male,Mice,Tetrachloroethylene,Trichloroethylene","biosynthesis,drug effects,metabolism,toxicity","D014241 Q000633 NY,D014241 Q000378 NN,D008099 Q000187 NY,D007668 Q000378 NN,D007668 Q000187 NY,D004277 Q000096 NY,D008099 Q000378 NN,D004260 Q000187 NN,D013750 Q000378 NN,D013750 Q000633 NY,D008168 Q000187 NY,D008168 Q000378 NN","6575,31373",NULL,Induction of single-strand breaks in DNA of mice by trichloroethylene and tetrachloroethylene.,"Trichloroethylene (TRI) (4-10 mmol/kg body wt) and tetrachloroethylene (PER) (4-8 mmol/kg body wt) were given to male mice by i.p. injection. The induction of single-strand breaks (SSB) in DNA of liver, kidney and lung was studied by the DNA unwinding technique. There was a linear increase of the level of SSB in kidney and liver DNA but not in lung DNA 1 h after administration. The damage was completely repaired 24 h after injection. The capability of TRI and PER to induce SSB in liver DNA is compared to th",Toxicology letters,S A Walles,NULL,1986 Apr;31(1):31-5,10.1016/0378-4274(86)90191-8
20634266,20100901,article,"xref,mesh","Animals,Comet Assay,Kidney,Liver,Mice,Models, Statistical,Mutagens,Tetrachloroethylene","drug effects,toxicity","D007668 Q000187 NN,D013750 Q000633 NY,D009153 Q000633 NY,D008099 Q000187 NN",31373,127697393,Is tetrachloroethylene genotoxic or not?,"A recent study published in Mutagenesis, in which the ability of tetrachloroethylene to induce DNA damage, detected by the alkaline comet assay, in mouse tissues (liver and kidney) was examined, has resulted in different interpretations of the data for liver as either positive or negative for genotoxicity. Here, I discuss the statistical approaches used and comment on the different conclusions reached. ",Mutagenesis,David Lovell," Division of Basic Medical Sciences, St George's University of London, Cranmer Terrace, London SW17 0RE, UK. dlovell@sgul.ac.uk",2010 Sep;25(5):443-6,10.1093/mutage/geq036
6499114,19841201,article,mesh,"Acetaldehyde,Animals,DNA Repair,Dichloroethylenes,Ethylenes,Hydrocarbons, Chlorinated,In Vitro Techniques,Liver,Male,Rats,Tetrachloroethylene,Trichloroethylene","analogs &amp; derivatives,drug effects,metabolism,toxicity","D014241 Q000378 NN,D000079 Q000378 NN,D006843 Q000378 NY,D005030 Q000378 NY,D004260 Q000187 NY,D008099 Q000378 NY,D005030 Q000633 NN,D004000 Q000378 NN,D006843 Q000633 NN,D013750 Q000378 NN,D000079 Q000031 NN,D008099 Q000187 NN","177,6325,6575,6576,31373",NULL,Chlorinated ethylenes: their metabolism and effect on DNA repair in rat hepatocytes.,"The major initial metabolites of the chlorinated ethylenes in hepatocyte suspensions isolated from phenobarbital treated rats were as follows (rates of metabolite production in nmol/10(6) cells/min are given in brackets): vinylidene chloride, dichloroacetic acid (0.015); cis-1,2-dichloroethylene, 2,2-dichloroethanol (0.24); trans-1,2-dichloroethylene, dichloroacetic acid (0.005); trichloroethylene, chloral hydrate (2.7); tetrachloroethylene, trichloroacetic acid (0.08). Comparison of the metabolism of the c",Carcinogenesis,"A K Costa, K M Ivanetich",NULL,1984 Dec;5(12):1629-36,10.1093/carcin/5.12.1629
1383725,19921101,article,mesh,"Arsenic,Arsenicals,Dieldrin,Drug Interactions,Micronucleus Tests,Mutagens,Organometallic Compounds,Oxides,Plants,Tetrachloroethylene,Waste Disposal, Fluid,Water Pollutants, Chemical","analysis,drug effects,genetics,methods,pharmacology","D015162 Q000379 NN,D004026 Q000494 NY,D010944 Q000235 NN,D013750 Q000494 NY,D009153 Q000494 NY,D010944 Q000187 NY,D014874 Q000032 NY,D009942 Q000494 NY,D001151 Q000494 NY","11025,14888,31373,60963,222547,518605,969491,6478437,9846230,12358489,50931538,101820673,134687882",NULL,Synergistic and antagonistic effects on genotoxicity of chemicals commonly found in hazardous waste sites.,"Synergistic and antagonistic effects on genotoxicity of mixtures of four chemicals; i.e., lead tetraacetate (LTA), arsenic trioxide (ATO), dieldrin (DED), and tetrachloroethylene (TCE), were evaluated by the Tradescantia-micronucleus (Trad-MCN) assay. The chemicals were mixed in ratios of 1:1, 1:2 and 2:1 for mixtures of two chemicals and 1:1:1 each for three chemicals. The concentration of stock solution of these chemicals was around the minimum effective dose (MED) or below the MED for these chemicals as ",Mutation research,"T H Ma, S S Sandhu, Y Peng, T D Chen, T W Kim"," Department of Biological Sciences, Western Illinois University, Macomb 61455.",1992 Nov;270(1):71-7,10.1016/0027-5107(92)90103-9
3549228,19860101,article,mesh,"Animals,Cytochrome P-450 Enzyme System,Enzyme Induction,Escherichia coli,Liver,Liver Neoplasms,Rats,Salmonella typhimurium,Tetrachloroethylene,Trichloroethylene","biosynthesis,chemically induced,drug effects,enzymology,metabolism,toxicity","D014241 Q000378 NY,D013750 Q000378 NY,D008099 Q000201 NN,D003577 Q000096 NN,D013750 Q000633 NN,D004926 Q000187 NN,D012486 Q000187 NN,D008113 Q000139 NN,D014241 Q000633 NN","6575,31373",NULL,Metabolic conversion of tri- and tetrachloroethylene: formation and deactivation of genotoxic intermediates.,NULL,Developments in toxicology and environmental science,W Dekant,NULL,1986 Jan;12(?):211-21,NULL
3917197,19850601,article,mesh,"Animals,DNA Repair,Hydrocarbons, Chlorinated,Liver,Mutagenicity Tests,Rats,Salmonella typhimurium,Tetrachloroethylene,Trichloroethanes,Trichloroethylene","adverse effects,cytology,drug effects,genetics,methods","D009152 Q000379 NY,D008099 Q000187 NY,D014240 Q000009 NY,D012486 Q000235 NN,D004260 Q000187 NY,D014241 Q000009 NY,D008099 Q000166 NN,D006843 Q000009 NY,D013750 Q000009 NY","6278,6575,31373",NULL,Activities of chlorinated ethane and ethylene compounds in the Salmonella/rat microsome mutagenesis and rat hepatocyte/DNA repair assays under vapor phase exposure conditions.,"Three chlorinated ethane and ethylene solvent products were examined for their genotoxicity in the Salmonella/microsome mutagenesis and hepatocyte primary culture DNA repair assays using vapor phase exposures. The positive control in this study, monochloroethylene (vinyl chloride), induced reversion mutation of Salmonella tester strains TA100 and TA1535 with enhancement by an exogenous activation system and elicited unscheduled DNA synthesis in rat hepatocytes in culture. Exposures to 1,1,1-trichloroethane ",Cell biology and toxicology,"T Shimada, A F Swanson, P Leber, G M Williams"," Naylor Dana Institute for Disease Prevention, American Health Foundation, Valhalla, NY 10595.",1985 Jun;1(3):159-79,10.1007/bf00120162
7837977,19940901,article,mesh,"Base Sequence,Chloroacetates,Coliphages,DNA Primers,DNA, Bacterial,Dichloroacetic Acid,Escherichia coli,Molecular Sequence Data,Mutagenesis,Mutagenicity Tests,Mutation,Polymerase Chain Reaction,Salmonella typhimurium,Tetrachloroethylene,Trichloroethylene,Virus Activation","drug effects,genetics,pharmacology,virology","D003999 Q000494 NY,D014241 Q000494 NN,D004926 Q000821 NN,D014775 Q000187 NY,D004926 Q000235 NN,D012486 Q000235 NN,D004926 Q000187 NY,D013750 Q000494 NN,D017931 Q000235 NN,D003090 Q000187 NN,D012486 Q000187 NY,D004269 Q000235 NN","6575,6597,31373,517326,23681501",NULL,Dichloroacetic acid and related compounds: induction of prophage in E. coli and mutagenicity and mutation spectra in Salmonella TA100.,"We performed three types of studies to evaluate the genotoxicity of the chlorinated organic solvent perchloroethylene (PERC or tetrachloroethylene) and its volatile metabolites, trichloroacetyl chloride (TCAC) and trichloroacetic acid (TCA), as well as the volatile metabolites of trichloroethylene, i.e. dichloroacetyl chloride (DCAC), dichloroacetic acid (DCA), and 2,2,2-trichloroethanol (TCE). In the first set of studies, which involved the evaluation of these chemicals in the Microscreen prophage-inductio",Mutagenesis,"D M DeMarini, E Perry, M L Shelton"," Genetic Toxicology Division, US Environmental Protection Agency, Research Triangle Park, NC 27711.",1994 Sep;9(5):429-37,10.1093/mutage/9.5.429
7048080,19820401,article,mesh,"DNA Polymerase I,DNA Repair,DNA, Bacterial,Epoxy Compounds,Escherichia coli,Ethers, Cyclic,Hydrocarbons, Chlorinated,Mutagenicity Tests,Mutagens,Salmonella typhimurium","deficiency,drug effects,genetics,pharmacology","D004852 Q000494 NY,D004988 Q000494 NY,D004926 Q000235 NN,D004256 Q000172 NN,D004926 Q000187 NY,D006843 Q000494 NY,D004260 Q000187 NN,D012486 Q000187 NY,D004269 Q000235 NN",NULL,NULL,Mutagenicity of chloroalkene epoxides in bacterial systems.,"6 alpha-chloroepoxides have been tested for in vitro activity in a variety of systems. The epoxides were cis- and trans-1-chloropropene oxide, cis- and trans-1,3-dichloropropene oxide, trichloroethylene oxide and tetrachloroethylene oxide. The epoxides were assayed for mutagenicity in the absence of metabolic activation in S. typhimurium TA1535 and E. coli WP2 uvrA and for preferential inhibition of growth of DNA-repair-deficient E. coli. All 6 epoxides possessed DNA-modifying activity as evidenced by their",Mutation research,"S A Kline, E C McCoy, H S Rosenkranz, B L Van Duuren",NULL,1982 Apr;101(2):115-25,10.1016/0165-1218(82)90002-7
3887653,19850401,article,mesh,"Air Pollutants,Animals,Benzene,Biotransformation,Carcinogens, Environmental,Formaldehyde,Housing,Humans,In Vitro Techniques,Male,Mutagenicity Tests,Mutagens,Rats,Salmonella typhimurium,Styrene,Styrenes","genetics,toxicity","D013343 Q000633 NN,D001554 Q000633 NN,D005557 Q000633 NN,D012486 Q000235 NN,D000393 Q000633 NY","241,712,7501",NULL,Genotoxicity of organic chemicals frequently found in the air of mobile homes.,The 19 chemicals most commonly detected in a study of mobile homes in Texas were tested for mutagenicity using a battery of bacterial test strains; the literature was searched to obtain additional information concerning the mutagenicity and carcinogenicity of these chemicals. Formaldehyde was found to be present in 100% of the mobile homes and at the highest mean concentration (167 ppb). The remaining organic chemicals were all present at much lower mean concentrations (less than 10 ppb) and at varying freq,Toxicology letters,"T H Connor, J C Theiss, H A Hanna, D K Monteith, T S Matney",NULL,1985 Apr;25(1):33-40,10.1016/0378-4274(85)90097-9
6634754,19830101,article,mesh,"Alkylating Agents,Allyl Compounds,Animals,Biotransformation,Humans,Mutagens,Tetrachloroethylene,Trichloroethylene,Vinyl Chloride,Vinyl Compounds","metabolism,toxicity","D014241 Q000378 NY,D013750 Q000378 NY,D014752 Q000378 NY,D014753 Q000378 NY,D000477 Q000633 NN,D000498 Q000378 NY","6338,6575,7850,31373",NULL,Mechanisms of formation and reactions of electrophilic intermediates of halogenated olefins.,NULL,Progress in clinical and biological research,"D Henschler, G Bonse, W Dekant",NULL,1983 Jan;132B(?):175-83,NULL
6754312,19820101,review,mesh,"Animals,Biological Assay,Butadienes,Carcinogens,DNA,DNA Repair,Dioxanes,Dose-Response Relationship, Drug,Kidney Neoplasms,Kinetics,Liver Neoplasms,Models, Biological,Mutagenicity Tests,Mutation,Neoplasms,Risk,Tetrachloroethylene","chemically induced,metabolism","D009369 Q000139 NY,D004247 Q000378 NN,D013750 Q000378 NN,D007680 Q000139 NN,D008113 Q000139 NN","6901,31275,31373,44135672",NULL,Differentiation of genetic versus epigenetic mechanisms of toxicity and its application to risk assessment.,NULL,Drug metabolism reviews,"W T Stott, P G Watanabe",NULL,1982 Jan;13(5):853-73,10.3109/03602538208991365
8148821,19940101,article,mesh,"Animals,Carbon Tetrachloride,Cell Death,Cells, Cultured,Chromatography, High Pressure Liquid,Fatty Acids,Hydrocarbons, Chlorinated,L-Lactate Dehydrogenase,Lipid Peroxidation,Liver,Luminescent Measurements,Male,Phosphatidylcholines,Phosphatidylethanolamines,Rats,Rats, Wistar","cytology,drug effects,metabolism,toxicity","D005227 Q000378 NN,D010713 Q000378 NN,D008099 Q000187 NY,D007770 Q000378 NY,D002251 Q000633 NN,D006843 Q000633 NY,D016923 Q000187 NN,D010714 Q000378 NN,D008099 Q000166 NN,D015227 Q000187 NY",5943,NULL,Cytotoxicity of chlorinated hydrocarbons and lipid peroxidation in isolated rat hepatocytes.,The effects of 11 chlorinated hydrocarbons on toxicological parameters and lipid peroxidation were examined in cultured rat hepatocytes. The cytotoxicity was evaluated by measuring the lactate dehydrogenase (LDH) released and the protein amount in cells attached to culture dishes. Phosphatidylcholine hydroperoxide (PCOOH) and phosphatidylethanolamine hydroperoxide (PEOOH) levels were determined by HPLC with chemiluminescence detection (CL-HPLC). Severe cytotoxicity was observed under the presence of the car,Biological & pharmaceutical bulletin,"T Suzuki, K Nezu, H Sasaki, T Miyazawa, H Isono"," Faculty of Pharmaceutical Sciences, Teikyo University, Kanagawa, Japan.",1994 Jan;17(1):82-6,10.1248/bpb.17.82
8406935,19930101,article,mesh,"Carcinogens, Environmental,DNA,DNA Damage,Dose-Response Relationship, Drug,Environmental Exposure,Humans,Models, Biological,Mutagens,Neoplasms,Risk Factors,Time Factors","adverse effects,analysis,chemically induced,drug effects,epidemiology,pharmacokinetics","D004781 Q000032 NY,D009153 Q000009 NN,D009153 Q000493 NY,D004247 Q000187 NN,D009369 Q000139 NN,D002274 Q000032 NN,D002274 Q000493 NY,D004781 Q000009 NN,D009153 Q000032 NN,D009369 Q000453 NN,D002274 Q000009 NN",44135672,NULL,Biological considerations in assessing exposures to genotoxic and carcinogenic agents.,"This analysis of the relationship between long-term exposure to carcinogens and the risk of cancer relies upon a model which depicts exposure, burden and genetic damage as time series. It is shown that the dose of the carcinogen and the resulting damage to susceptible tissues can be related to cumulative exposure provided that linear kinetics are maintained and the exposure series remains stationary. Since saturable processes can lead to nonlinear behavior, the role of metabolism is investigated. It is argu",International archives of occupational and environmental health,S M Rappaport," School of Public Health, University of North Carolina, Chapel Hill 27599.",1993 Jan;65(?):S29-35,10.1007/bf00381304
8532724,19950101,review,mesh,"Animals,Chloroform,Dichloroacetic Acid,Hydrocarbons, Chlorinated,Liver Neoplasms, Experimental,Male,Methylene Chloride,Mice,Polychlorinated Dibenzodioxins,Tetrachloroethylene,Trichloroethylene","chemically induced,genetics,toxicity","D000072317 Q000633 NN,D003999 Q000633 NN,D006843 Q000633 NY,D002725 Q000633 NN,D013750 Q000633 NN,D008114 Q000235 NN,D008114 Q000139 NY,D008752 Q000633 NN,D014241 Q000633 NN","6212,6344,6575,6597,15625,31373,37207,517326,23681501",NULL,Considerations concerning the murine hepatocarcinogenicity of selected chlorinated hydrocarbons.,"Of the chlorinated hydrocarbons discussed above, all six are associated with induction of hepatocellular neoplasia in mice. None of the six is considered to be potent mutagen and most are without any significant genotoxic activity as assessed by conventional in vitro testing schemes. Although some of the agents have biological effects in common (see Figure 4), there is no single biological response (mode of action) that they all share to provide a mechanistic basis for the observed murine hepatocarcinogenic",Progress in clinical and biological research,"R R Maronpot, C H Anna, T R Devereux, G W Lucier, B E Butterworth, M W Anderson"," National Institute of Environmental Health Sciences, Research Triangle Park, NC 27709, USA.",1995 Jan;391(?):305-23,NULL
9502392,19980101,review,mesh,"Animals,Carcinogens,Cell Division,DNA, Neoplasm,Female,Kidney Neoplasms,Kidney Tubules,Male,Mice,Oxidative Stress,Rats,Renal Insufficiency","chemically induced,drug effects,genetics,metabolism,pathology,physiology,toxicity","D002273 Q000378 NN,D051437 Q000139 NN,D018384 Q000187 NN,D007680 Q000235 NN,D007684 Q000473 NN,D002273 Q000633 NY,D004273 Q000187 NN,D007684 Q000187 NY,D051437 Q000473 NN,D007680 Q000139 NY,D007684 Q000502 NN",NULL,NULL,Mechanisms of chemically induced renal carcinogenesis in the laboratory rodent.,"Laboratory studies with classical renal carcinogens in the rat and mouse, as well as research investigation with some of the chemicals proving positive for the kidney in National Toxicology Program carcinogenicity bioassays, have demonstrated the existence of a range of diverse mechanisms underlying rodent kidney carcinogenesis. The classical carcinogens used as experimental models for studying renal tumor pathogenesis, such as the nitrosamines, are genotoxic and interact directly with DNA, forming DNA addu",Toxicologic pathology,G C Hard," American Health Foundation, Valhalla, New York 10595, USA.",1998 Jan;26(1):104-12,10.1177/019262339802600112
10566590,19991029,article,mesh,"Animals,Body Weight,Chromatography, High Pressure Liquid,Creatinine,DNA Damage,Deoxyguanosine,Dinoprost,Electrochemistry,Enzyme-Linked Immunosorbent Assay,Injections, Intraperitoneal,Kidney,Liver,Lymphocytes,Male,Organ Size,Oxidative Stress,Rats,Rats, Inbred F344,Tetrachloroethylene,Trichloroethylene,Urine","administration &amp; dosage,analogs &amp; derivatives,drug effects,metabolism,toxicity,urine","D014241 Q000633 NY,D001835 Q000187 NN,D007668 Q000378 NN,D007668 Q000187 NN,D008214 Q000378 NN,D009929 Q000187 NN,D003849 Q000652 NN,D013750 Q000008 NN,D003404 Q000652 NN,D008099 Q000378 NN,D015237 Q000031 NN,D015237 Q000652 NN,D014241 Q000008 NN,D013750 Q000633 NY,D008214 Q000187 NN,D003849 Q000031 NN,D008099 Q000187 NN","588,6575,31373,73318,107873,187790,5280363,5280886,5282263,5283078,20849107,44208919,71312086",NULL,Oxidative stress and DNA damage in Fischer rats following acute exposure to trichloroethylene or perchloroethylene.,Oxidative DNA damage is emerging as an biomarker of effect in studies assessing the health risks of occupational chemicals. Trichloroethylene (TCE) and perchloroethylene (PERC) are used in the dry cleaning industry and their metabolism can produce reactive oxygen compounds. The present study examined the potential for TCE and PERC to induce oxidative DNA damage in rats that was detectable as increased urinary excretion of 8-hydroxydeoxyguanosine (8OHdG). Thiobarbaturic acid reactive substances (TBARS) and 8,Toxicology,"M Toraason, J Clark, D Dankovic, P Mathias, S Skaggs, C Walker, D Werren"," The National Institute for Occupational Safety and Health, Cincinnati, OH 45226, USA.",1999 Oct;138(1):43-53,10.1016/s0300-483x(99)00083-9
10581215,19991201,article,"xref,mesh","2,4-Dichlorophenoxyacetic Acid,2-Methyl-4-chlorophenoxyacetic Acid,Animals,COS Cells,Diethylhexyl Phthalate,Environmental Pollutants,Herbicides,Humans,Mice,Plasmids,Protein Isoforms,Receptors, Cytoplasmic and Nuclear,Species Specificity,Tetrachloroethylene,Trans-Activators,Transcription Factors,Transcriptional Activation,Transfection,Trichloroethylene","drug effects,genetics,metabolism,toxicity","D018160 Q000187 NY,D014241 Q000378 NN,D004051 Q000378 NN,D015533 Q000187 NN,D013750 Q000633 NN,D008456 Q000633 NN,D004785 Q000633 NY,D014157 Q000187 NY,D013750 Q000378 NN,D015084 Q000633 NN,D004785 Q000378 NN,D018160 Q000235 NN,D015534 Q000633 NY,D004051 Q000633 NN,D014157 Q000235 NN,D006540 Q000633 NN,D014241 Q000633 NN","1486,5694,6421,6575,6597,7204,8343,8346,8697,9554,20393,31373,15218577","53786881,53786907,53787882,53788376,53788498,53788534,53789780,53789969,53790393",trans-Activation of PPARalpha and PPARgamma by structurally diverse environmental chemicals.,"A large number of industrial chemicals and environmental pollutants, including trichloroethylene (TCE), di(2-ethylhexyl)phthalate (DEHP), perfluorooctanoic acid (PFOA), and various phenoxyacetic acid herbicides, are nongenotoxic rodent hepatocarcinogens whose human health risk is uncertain. Rodent model studies have identified the receptor involved in the hepatotoxic and hepatocarcinogenic actions of these chemicals as peroxisome proliferator-activated receptor alpha (PPARalpha), a nuclear receptor that is ",Toxicology and applied pharmacology,"E K Maloney, D J Waxman"," Division of Cell and Molecular Biology, Boston University, Boston, Massachusetts, 02215, USA.",1999 Dec;161(2):209-18,10.1006/taap.1999.8809
11911491,20020201,article,xref,"Alkanes,Alkenes,Alopecia,Animals,Carcinogens,Female,Hydrocarbons, Chlorinated,Inflammation,Kidney,Liver,Male,Mammary Neoplasms, Animal,Mice,Mice, Inbred ICR,Odds Ratio,Ovarian Cysts,Ovary,Risk Assessment,Sex Factors,Tail,Toxicity Tests","chemically induced,chemistry,drug effects,pathology,toxicity,veterinary","D000475 Q000633 NY,D008099 Q000473 NN,D007668 Q000187 NN,D000473 Q000737 NN,D010053 Q000473 NN,D010048 Q000139 NY,D007668 Q000473 NN,D000475 Q000737 NN,D006843 Q000633 NY,D002273 Q000633 NY,D000505 Q000139 NN,D006843 Q000737 NN,D002273 Q000737 NN,D015674 Q000139 NY,D013623 Q000473 NN,D000473 Q000633 NY,D010048 Q000662 NN,D000505 Q000662 NN,D008099 Q000187 NN","588,5196,6212,6278,6365,6366,6575,31373,124886","127697393,127719861,127788218,128047904,128487724,129192846,129218265,129396299,129735795",Chronic toxicity of a mixture of chlorinated alkanes and alkenes in ICR mice.,"The aim of this study was to determine the chronic toxicity of a mixture of chlorinated alkanes and alkenes (CA) consisting of chloroform, 1,1-dichloroethane, 1,1-dichloroethylene, 1,1,1-trichloroethane, trichloroethylene, and tetrachloroethylene. These chlorinated organic solvents were present in the underground water near an electronic appliances manufactory in Taoyuan, Taiwan. Male and female weanling ICR mice were treated with low-, medium-, and high-dose CA mixtures in drinking water for 16 and 18 mo, ",Journal of toxicology and environmental health. Part A,"Fun-In Wang, Min-Liang Kuo, Chia-Tung Shun, Yee-Chung Ma, Jung-Der Wang, Tzuu-Huei Ueng"," Department of Veterinary Medicine, College of Agriculture, National Taiwan University, Taipei.",2002 Feb;65(?):279-91,10.1080/15287390252800864
12160929,20020815,article,"xref,mesh","Adenocarcinoma,Apoptosis,Caspase 3,Caspases,Enzyme Activation,Free Radical Scavengers,Gases,Gene Expression Regulation, Neoplastic,Glutathione,Humans,Hydrogen Peroxide,Lipid Peroxidation,Lung Neoplasms,Mannitol,Neoplasm Proteins,Oxidative Stress,Proto-Oncogene Proteins,Proto-Oncogene Proteins c-bcl-2,Reactive Oxygen Species,Sodium Selenite,Tetrachloroethylene,Thiobarbituric Acid Reactive Substances,Trichloroethylene,Tumor Cells, Cultured,Tumor Suppressor Protein p53,Uric Acid,bcl-2-Associated X Protein","analysis,biosynthesis,drug effects,metabolism,pathology,pharmacology,physiology,toxicity","D014241 Q000633 NY,D008175 Q000473 NY,D017209 Q000187 NY,D015972 Q000187 NN,D017382 Q000378 NN,D008175 Q000378 NN,D017209 Q000502 NN,D019253 Q000096 NN,D004789 Q000187 NN,D018038 Q000494 NN,D000230 Q000378 NN,D009363 Q000502 NY,D014527 Q000494 NN,D006861 Q000378 NN,D016166 Q000494 NN,D005978 Q000502 NY,D015227 Q000187 NY,D020169 Q000378 NN,D017392 Q000032 NN,D000230 Q000473 NY,D015227 Q000502 NN,D013750 Q000633 NY,D008353 Q000494 NN,D016159 Q000502 NY,D014407 Q000187 NN,D011518 Q000502 NN","784,1175,6251,6575,24934,31373,124886,134930,1268265,16220071,23669629,23688907,23690430,23697816,23703375,23715168,24884447,91886507,101017836,102602221","53789780,53790393,127697393,127822827,129192846,129287822,129735795",Possible involvement of glutathione and p53 in trichloroethylene- and perchloroethylene-induced lipid peroxidation and apoptosis in human lung cancer cells.,Trichloroethylene (TCE) and perchloroethylene (PERC) are volatile organic compounds (VOCs) that are primarily inhaled through the respiratory system. The aim of this study was to elucidate the role of glutathione (GSH) and p53 in TCE- and PERC-induced lung toxicity. Human lung adenocarcinoma cells NCI-H460 (p53-wild-type) have constitutively lower levels of GSH than NCI-H1299 (p53-null) cells. The results showed that exposure to vapor TCE and PERC produced a dose-dependent and more pronounced accumulation o,Free radical biology & medicine,"Shiang-Jiuun Chen, Jia-Lin Wang, Jian-Hung Chen, Rong-Nan Huang"," Department of Botany, National Taiwan University, Taipei, Taiwan, Republic of China.",2002 Aug;33(4):464-72,10.1016/s0891-5849(02)00817-1
12948810,20030805,article,"xref,mesh","Adult,Air Pollutants, Occupational,Air Pollution, Indoor,DNA Damage,Female,Guanine,Humans,Laundering,Lipid Peroxidation,Lymphocytes,Middle Aged,Oxidative Stress,Smoking,Tetrachloroethylene","adverse effects,analogs &amp; derivatives,blood,metabolism,toxicity,urine","D012907 Q000009 NY,D008214 Q000378 NN,D006147 Q000031 NY,D006147 Q000652 NN,D006147 Q000097 NN,D013750 Q000633 NY","573,764,31373,73318,854019,5356758,135398634,135440064","127697393,128039096,128797476,129372869,129439837","Effect of perchloroethylene, smoking, and race on oxidative DNA damage in female dry cleaners.","Perchloroethylene (PERC) is used widely as an industrial dry cleaning solvent and metal degreaser. PERC is an animal carcinogen that produces increased incidence of renal adenomas, adenocarcinomas, mononuclear cell leukemia, and hepatocellular tumors. Oxidative DNA damage and lipid peroxidation were assessed in 38 women with (dry cleaners) or without (launderers) occupational exposure to PERC. PERC exposure was assessed by collecting breathing zone samples on two consecutive days of a typical work week. PER",Mutation research,"Mark Toraason, Mary Ann Butler, Avima Ruder, Christy Forrester, Lauralynn Taylor, David L Ashley, Patty Mathias, Kate L Marlow, Kenneth L Cheever, Edward Krieg, Howard Wey"," The National Institute for Occupational Safety and Health, 4676 Columbia Parkway, Cincinnati, OH 45226, USA. mtoraason@cdc.gov",2003 Aug;539(?):9-18,10.1016/s1383-5718(03)00130-x
15581593,20050115,review,"xref,mesh","Aflatoxin B1,Animals,Biotransformation,Butadienes,Cross-Linking Reagents,DNA,DNA Adducts,DNA Damage,DNA Repair,Dose-Response Relationship, Drug,Enzyme Activation,Escherichia coli,Ethylene Dibromide,Forecasting,Genes, Bacterial,Glutathione,Half-Life,Humans,Hydrolysis,Kinetics,Lysine,Models, Chemical,Molecular Structure,Mutagenicity Tests,Mutagens,Mutation,O(6)-Methylguanine-DNA Methyltransferase,Oxidation-Reduction,Salmonella typhimurium,Signal Transduction,Tetrachloroethylene,Trichloroethylene","chemistry,drug effects,genetics,metabolism,pharmacology,toxicity","D002070 Q000737 NN,D014241 Q000494 NN,D014241 Q000378 NY,D003432 Q000737 NN,D013750 Q000378 NY,D009153 Q000737 NN,D015946 Q000633 NN,D009153 Q000378 NY,D018736 Q000378 NN,D013750 Q000737 NN,D016604 Q000633 NN,D018736 Q000633 NN,D004926 Q000235 NN,D013750 Q000633 NN,D015946 Q000737 NN,D012486 Q000235 NN,D016604 Q000737 NN,D004926 Q000187 NN,D008239 Q000378 NN,D018736 Q000737 NN,D014241 Q000737 NN,D002070 Q000633 NN,D005978 Q000378 NN,D012486 Q000187 NN,D002070 Q000378 NY,D016604 Q000378 NY,D009153 Q000633 NN","866,5962,6575,7839,7845,10897,12047,14403,31373,69568,104152,124886,186907,641599,44135672,90770193","127697393,128368393,129192846,129431724,129735795,243277262",Principles of covalent binding of reactive metabolites and examples of activation of bis-electrophiles by conjugation.,"Mechanisms of toxicity continue to be important in developing rational strategies to deal with chemicals present in the environment. Understanding and predicting toxicity have also become a critical step in the process of drug development. Covalent binding of chemicals to macromolecules is one aspect of toxicity, and the principles and outcomes of the process are considered. Two examples of chemicals for which several aspects of metabolism and reactions are understood are aflatoxin B(1) and polyhalogenated ",Archives of biochemistry and biophysics,F Peter Guengerich," Department of Biochemistry and Center in Molecular Toxicology, Vanderbilt University School of Medicine, 638 Robinson Research Building, 23(rd) and Pierce Avenues, Nashville, TN 37232-0146, USA. f.guengerich@vanderbilt.edu <f.guengerich@vanderbilt.edu>",2005 Jan;433(2):369-78,10.1016/j.abb.2004.07.035
18006135,20080114,article,"xref,mesh","Animals,Antibodies, Monoclonal,Cell Line, Tumor,Dinitrophenols,Dose-Response Relationship, Drug,Histamine Release,Hydrocarbons, Chlorinated,Inflammation Mediators,Male,Mast Cells,Rats,Rats, Wistar,Serum Albumin, Bovine,Solvents","drug effects,immunology,pharmacology,toxicity","D006636 Q000187 NY,D008407 Q000276 NN,D006843 Q000633 NY,D000911 Q000276 NN,D008407 Q000187 NY,D004140 Q000494 NN,D012710 Q000494 NN,D012997 Q000633 NY,D006636 Q000276 NN,D004140 Q000276 NN,D000911 Q000494 NN,D018836 Q000276 NY,D012710 Q000276 NN","774,6191,6575,31373,167909","53789780,53790393,127697393,128596011,128754351,129735795",Enhancing effect of chlorinated organic solvents on histamine release and inflammatory mediator production.,"We investigated the effect of several chlorinated organic solvents on antigen-induced histamine release and inflammatory mediator production. Non-purified rat peritoneal mast cells (NPMC) and rat basophilic leukemia (RBL-2H3) cells were sensitized with anti-dinitrophenol (DNP) monoclonal IgE antibody, and then stimulated with DNP-conjugated bovine serum albumin (DNP-BSA) and several chlorinated organic solvents. Trichloroethylene (TCE) and tetrachloroethylene (PCE) enhanced histamine release from antigen-st",Toxicology,"Makoto Seo, Koji Ikeda, Tetsunori Okamura, Kumiko Kida, Masahiko Satoh, Naoki Inagaki, Hiroichi Nagai, Hisamitsu Nagase"," Laboratory of Hygienics, Gifu Pharmaceutical University, 5-6-1 Mitahora-higashi, Gifu 502-8585, Japan. mkt.s.lev5060@gmail.com",2008 Jan;243(?):75-83,10.1016/j.tox.2007.09.024
18721841,20081101,article,"xref,mesh","Animals,Antigens,Dose-Response Relationship, Drug,Environmental Pollutants,Immunoglobulin E,Inflammation,Interleukin-4,Lymph Nodes,Lymphocytes,Male,Mast Cells,Passive Cutaneous Anaphylaxis,RNA, Messenger,Rats,Rats, Wistar,Spleen,Tetrachloroethylene,Th1 Cells,Th2 Cells,Time Factors,Water","administration &amp; dosage,chemically induced,chemistry,drug effects,immunology,metabolism","D004785 Q000276 NY,D015847 Q000276 NN,D008407 Q000276 NN,D018417 Q000276 NN,D004785 Q000008 NN,D018418 Q000276 NN,D000941 Q000276 NY,D013154 Q000187 NN,D008214 Q000378 NN,D007073 Q000276 NN,D007249 Q000139 NN,D013750 Q000008 NN,D008198 Q000187 NN,D008198 Q000276 NN,D013750 Q000276 NY,D018417 Q000187 NN,D013154 Q000276 NN,D010323 Q000187 NY,D007073 Q000187 NN,D012333 Q000378 NN,D014867 Q000737 NN,D007249 Q000276 NN,D012333 Q000187 NN,D008214 Q000276 NN,D018418 Q000187 NN,D008407 Q000378 NN","774,962,6575,31373","53790393,127697393,128754351,129735795",Augmentation of antigen-stimulated allergic responses by a small amount of trichloroethylene ingestion from drinking water.,"In previous report, we have shown that trichloroethylene (TCE) increases histamine release and inflammatory cytokine production from antigen-stimulated mast cells. In this study, we examined the enhancing effect of a small amount of TCE ingestion from drinking water on antigen-stimulated allergic responses. After exposure of Wistar rats to TCE ingestion for 2 or 4 weeks, we performed a passive cutaneous anaphylaxis (PCA) reaction. TCE ingestion for 2 and 4 weeks enhanced PCA reaction in a dose-dependent man",Regulatory toxicology and pharmacology : RTP,"Makoto Seo, Takeo Yamagiwa, Ryo Kobayashi, Koji Ikeda, Masahiko Satoh, Naoki Inagaki, Hiroichi Nagai, Hisamitsu Nagase"," Laboratory of Hygienics, Gifu Pharmaceutical University, 5-6-1 Mitahora-higashi, Gifu 502-8585, Japan. mkt.s.lev5060@gmail.com",2008 Nov;52(2):140-6,10.1016/j.yrtph.2008.07.006
20693067,19941001,article,NULL,NULL,NULL,NULL,NULL,NULL,Effects of chlorinated solvents on the natural lymphocytotoxic activities of human liver immune cells.,"Inhibition of the natural immune system may be involved in the liver cancer caused by some non-genotoxic chemicals when they are administered at high doses to certain strains of animals. Previous studies have shown that some chlorinated solvents inhibit liver natural immune function in rodents. In this preliminary study, the effects of in vitro exposure to three commonly used chlorinated solvents were determined on three tumoricidal activities expressed by isolated human liver immune cells-natural killer (N",Toxicology in vitro : an international journal published in association with BIBRA,"P F Wright, L M Schlichting, N H Stacey"," Key Centre for Applied and Nutritional Toxicology, RMIT University, Melbourne, Victoria, Australia.",1994 Oct;8(5):1037-9,10.1016/0887-2333(94)90240-2
24116666,20130101,article,mesh,"Adult,Air Pollutants, Occupational,Chromosome Aberrations,Comet Assay,Cytogenetic Analysis,DNA Damage,Environmental Monitoring,Female,Humans,Middle Aged,Occupational Exposure,Tetrachloroethylene","analysis,blood,methods,toxicity","D004784 Q000379 NN,D013750 Q000032 NY,D013750 Q000097 NN,D000395 Q000032 NN,D013750 Q000633 NN,D016273 Q000032 NY",31373,NULL,Biomonitoring study of dry cleaning workers using cytogenetic tests and the comet assay.,"Perchloroethylene (PCE) is the main solvent used in the dry cleaning industry worldwide. The aim of the present work was to evaluate the genotoxic potential of occupational exposure to PCE in dry cleaning workers. The study was carried out in 59 volunteers (30 workers, 29 controls). The genotoxic effect was evaluated by analyzing chromosome aberrations (CAs), and micronuclei (MN) and DNA damage (assessed by the comet assay) in peripheral blood lymphocytes. Environmental monitoring of exposure was carried ou",Journal of occupational and environmental hygiene,"R?ta Everatt, Gra?ina Slap?yt?, J?rat? Mierauskien?, Veronika Dedonyt?, Liuda Bakien?"," a Group of Epidemiology, Institute of Oncology, Vilnius University , Vilnius , Lithuania.",2013 Jan;10(11):609-21,10.1080/15459624.2013.818238
Binary file (standard input) matches
