12415124,20030101,review,"xref,mesh","Animals,Carcinogenicity Tests,Carcinogens,DNA,DNA Damage,DNA Repair,Dose-Response Relationship, Drug,Humans,Mutagens,Risk Assessment,Vinyl Compounds","classification,drug effects,toxicity","D004247 Q000187 NN,D014753 Q000633 NY,D014753 Q000145 NN,D002273 Q000633 NY,D009153 Q000145 NN,D009153 Q000633 NY,D002273 Q000145 NN","176,177,5921,7904,44135672","128180287,129071275,129557820,129740424",Challenging dogma: thresholds for genotoxic carcinogens? The case of vinyl acetate.,"Although many questions remain unanswered, the general principle of the sequence of events leading to cancer after exposure to genotoxic carcinogens has become increasingly clear. This helps to understand the parameters that influence the shape of the dose-effect curve for carcinogenesis, including metabolic activation and inactivation of carcinogens, DNA repair, cell cycle control, apoptosis, and control by the immune system. A linear dose-response relationship with no observable threshold seems to be a co",Annual review of pharmacology and toxicology,"J G Hengstler, M S Bogdanffy, H M Bolt, F Oesch"," Institute of Toxicology, University of Mainz, D-55131 Mainz, Germany. hengstle@mail.Uni-Mainz.de",2003 Jan;43(?):485-520,10.1146/annurev.pharmtox.43.100901.140219
12676454,20030411,review,"xref,mesh","Animals,Carcinogens,Carcinoma, Squamous Cell,Cytotoxicity Tests, Immunologic,Dose-Response Relationship, Drug,Mitogens,Mouth Neoplasms,Risk Assessment,Vinyl Compounds","administration &amp; dosage,chemically induced,classification,metabolism,methods,pharmacokinetics,toxicity","D014753 Q000493 NN,D014753 Q000378 NN,D014753 Q000633 NY,D008934 Q000633 NY,D002273 Q000145 NY,D002273 Q000008 NN,D009062 Q000139 NY,D002294 Q000139 NY,D003601 Q000379 NY","176,177,7904","128180287,129071275,129740424","Differentiating between local cytotoxicity, mitogenesis, and genotoxicity in carcinogen risk assessments: the case of vinyl acetate.","Understanding the mode of action of carcinogens is critical to scientifically assessing exposure-related risk. Regulatory hazard classification schemes and dose-response assessment paradigms generally require basic knowledge of genotoxic potential to guide decisions on which scheme or paradigm is most appropriate. Although convention suggests that classification and dose-response assessment of genotoxic chemicals should be assessed using conservative assumptions of no threshold, several examples, such as vi",Toxicology letters,"Matthew S Bogdanffy, Rudolph Valentine"," DuPont Haskell Laboratory for Health and Environmental Sciences, E. I. Du Pont de Nemours and Company, P.O. Box 50, Newark, DE 19714, USA. matthew.s.bogdanffy@usa.dupont.com",2003 Apr;?(?):83-98,10.1016/s0378-4274(02)00504-0
3078335,19860601,article,mesh,"Animals,Cell Line,Cricetinae,DNA,DNA Damage,DNA, Superhelical,Embryo, Mammalian,Epoxy Compounds,Ethers, Cyclic,Mesocricetus,Microsomes, Liver,Mutagenicity Tests,Rats,Rats, Inbred Strains,Salmonella typhimurium,Vinyl Compounds","biosynthesis,drug effects,genetics,metabolism,pharmacology,toxicity","D004247 Q000096 NN,D014753 Q000494 YN,D004622 Q000378 NN,D004852 Q000633 NY,D008862 Q000378 NN,D012486 Q000235 NN,D012486 Q000187 NN,D002460 Q000187 NN,D008862 Q000187 NN,D004988 Q000633 NY","7904,160259,44135672",NULL,"Synthesis and genotoxicity of acetoxyoxirane, the epoxide of vinyl acetate.","Acetoxyoxirane, the epoxide of vinyl acetate and a potential reactive intermediate, was synthesized and characterized by 13C-nuclear magnetic resonance (13C-NMR) and mass spectroscopy. The compound induced lesions (endonuclease-sensitive and alkali-labile sites) in supercoiled PM2 DNA in vitro and was directly mutagenic toward Salmonella typhimurium TA100. The mutagenicity of the epoxide in phosphate buffer (pH 7.4, 37 degrees C) decreased, with an initial half-life of 2.8 minutes, and mutagenicity was comp",Journal of biochemical toxicology,"P Simon, B Epe, P Mützel, D Schiffmann, D Wild, H Ottenwälder, N Fedtke, H M Bolt, D Henschler"," Institut für Arbeitsphysiologie an der Universität Dortmund, FRG.",1986 Jun;1(2):43-55,10.1002/jbt.2570010205
4079951,19851201,article,mesh,"Acetaldehyde,Cells, Cultured,DNA Repair,Dose-Response Relationship, Drug,Humans,Interphase,Lymphocytes,Sister Chromatid Exchange,Time Factors,Vinyl Compounds","drug effects,pharmacology,ultrastructure","D008214 Q000648 NN,D008214 Q000187 NN,D014753 Q000494 NY,D012854 Q000187 NY,D000079 Q000494 NY","177,7904",NULL,Induction and persistence of SCE-inducing damage in human lymphocytes exposed to vinyl acetate and acetaldehyde in vitro.,"The frequency of sister-chromatid exchange (SCE) was studied in cultures of human lymphocytes exposed to vinyl acetate (VA) or acetaldehyde (AA) for various time periods and in different phases of the cell cycle. Equimolar concentrations (0.1-2.4 mM) of VA and AA were found to induce very similar, dose-dependent increases of SCE. The SCE frequency in cells treated with VA was found to increase linearly with exposure times up to 24 h. Cells exposed to VA or AA in the late G1-phase of the cell cycle showed a ",Mutation research,"S M He, B Lambert",NULL,1985 Dec;158(3):201-8,10.1016/0165-1218(85)90086-2
12011478,20020601,article,"xref,mesh","Administration, Oral,Animals,Body Weight,Bromodeoxyuridine,Carcinogens,Cell Division,DNA,Dose-Response Relationship, Drug,Drinking,Esophagus,Male,Mice,Mice, Inbred Strains,Mouth Mucosa,Rats,Rats, Inbred F344,Stomach,Time Factors,Toxicity Tests,Vinyl Compounds,Water Supply","administration &amp; dosage,biosynthesis,drug effects,metabolism,pathology,toxicity","D004247 Q000096 NN,D009061 Q000473 NN,D014753 Q000008 NN,D001835 Q000187 NN,D009061 Q000187 NN,D014753 Q000633 NY,D004947 Q000187 NN,D002273 Q000633 NY,D013270 Q000187 NN,D013270 Q000378 NN,D004947 Q000378 NN,D001973 Q000378 NN,D002273 Q000008 NN,D002455 Q000187 NY,D009061 Q000378 NN,D004947 Q000473 NN,D013270 Q000473 NN","176,6035,7904,6918942,44135672","129071275,129740424,136216744",Time- and concentration-dependent increases in cell proliferation in rats and mice administered vinyl acetate in drinking water.,"Chronic administration of vinyl acetate (VA) in drinking water to rats and mice has produced upper digestive tract neoplasms. These tumors were believed to arise from the intracellular metabolism of VA by carboxylesterases to cytotoxic and genotoxic compounds. We hypothesized that prolonged VA exposure at high concentrations would induce cytotoxicity and a restorative cell proliferation (CP). These endpoints were measured in F-344 rats and BDF1 mice administered drinking water containing 0, 1000, 5000, 10,0",Toxicological sciences : an official journal of the Society of Toxicology,"Rudolph Valentine, J R Bamberger, B Szostek, S R Frame, J F Hansen, M S Bogdanffy"," Haskell Laboratory for Toxicology and Environmental Sciences, E.I. du Pont de Nemours and Company, Elkton Road, P.O. Box 50, Newark, DE 19714, USA. rudolph.valentine@usa.dupont.com",2002 Jun;67(2):190-7,10.1093/toxsci/67.2.190
21834633,20110901,article,"xref,mesh","Animals,Antioxidants,Bone Substitutes,Ceramics,Chromosome Aberrations,Complex Mixtures,Glutathione,Glutathione Reductase,Humans,Hydroxyapatites,In Vitro Techniques,Lipid Peroxidation,Liver,Lymphocytes,Materials Testing,Mice,Vinyl Compounds","chemically induced,chemistry,drug effects,enzymology,isolation &amp; purification,metabolism,methods,pathology,toxicity","D018786 Q000633 NY,D045424 Q000633 NN,D045424 Q000302 NN,D014753 Q000737 NN,D008099 Q000187 NY,D000975 Q000378 NY,D008214 Q000473 NN,D008099 Q000201 NN,D002516 Q000737 NN,D014753 Q000633 NY,D005980 Q000378 NN,D015227 Q000187 NN,D008099 Q000378 NN,D018786 Q000737 NN,D002869 Q000139 NY,D006882 Q000633 NY,D008422 Q000379 NY,D005978 Q000378 NN,D008214 Q000187 NN,D002516 Q000633 NY,D006882 Q000737 NN","124886,57228456","129192846,136164974",Evaluation of hydroxyapatite-bioglass and hydroxyapatite-ethyl vinyl acetate composite extracts on antioxidant defense mechanism and genotoxicity: an in vitro study.,"Hydroxyapatite-bioglass (HA BG) and hydroxyapatite-ethyl vinyl acetate (HA EVA) are two composite materials that have been developed for bone substitution. Their activity on antioxidant defense mechanism and genotoxicity has not been investigated before. To further confirm its biocompatibility, the present study was undertaken to investigate the effect of HA BG and HA EVA on mice liver antioxidant mechanism along with chromosomal aberrations in human lymphocytes. Physiological saline extract of HA BG and HA",Toxicology mechanisms and methods,"M Arun, P K Silja, P V Mohanan"," Toxicology Division, Biomedical Technology Wing, Sree Chitra Tirunal Institute for Medical Sciences and Technology, Thiruvananthapuram, Kerala, India.",2011 Sep;21(7):561-6,10.3109/15376516.2011.572933
23985073,20130901,review,mesh,"Acetaldehyde,Aldehyde Dehydrogenase,Animals,Carcinogens,Cells, Cultured,DNA Damage,Disease Models, Animal,Dose-Response Relationship, Drug,Humans,Mutagens,Vinyl Compounds","drug effects,metabolism,toxicity","D000079 Q000378 NN,D014753 Q000633 NY,D002273 Q000633 NY,D004249 Q000187 NY,D000444 Q000378 NN,D009153 Q000633 NN","177,7904",NULL,Vinyl acetate monomer (VAM) genotoxicity profile: relevance for carcinogenicity.,"Vinyl acetate monomer (VAM) is a site-of-contact carcinogen in rodents. It is also DNA reactive and mutagenic, but only after its carboxylesterase mediated conversion to acetaldehyde (AA), a metabolic reaction that also produces acetic acid and protons. As VAM's mutagenic metabolite, AA is normally produced endogenously; detoxification by aldehyde dehydrogenase (ALDH) is required to maintain intra-cellular AA homeostasis. This review examines VAM's overall genotoxicity, which is due to and limited by AA, an",Critical reviews in toxicology,Richard J Albertini," Department of Pathology, The University of Vermont, Burlington, VT, USA. Ralbert315@aol.com",2013 Sep;43(8):671-706,10.3109/10408444.2013.827151
24038327,20131201,article,"xref,mesh","Acetaldehyde,Apoptosis,Cells, Cultured,Chromosomes, Human,DNA Damage,Dose-Response Relationship, Drug,Humans,Lymphocytes,Micronucleus Tests,Mutagens,Mutation,Thymidine Kinase,Vinyl Compounds","adverse effects,drug effects,genetics","D017209 Q000187 NN,D009154 Q000235 NY,D013937 Q000235 NY,D009153 Q000009 NY,D004249 Q000187 NY,D000079 Q000009 NY,D002877 Q000187 NY,D014753 Q000009 NY,D008214 Q000187 NN","177,7904",53786779,"Nonlinear responses for chromosome and gene level effects induced by vinyl acetate monomer and its metabolite, acetaldehyde in TK6 cells.","Vinyl acetate monomer (VAM) produced rat nasal tumors at concentrations in the hundreds of parts per million. However, VAM is weakly genotoxic in vitro and shows no genotoxicity in vivo. A European Union Risk Assessment concluded that VAM's hydrolysis to acetaldehyde (AA), via carboxylesterase, is a critical key event in VAM's carcinogenic potential. In the following study, we observed increases in micronuclei (MN) and thymidine kinase (Tk) mutants that were dependent on the ability of TK6 cell culture cond",Environmental and molecular mutagenesis,"Robert Budinsky, Bhaskar Gollapudi, Richard J Albertini, Rudolph Valentine, Mari Stavanja, Justin Teeguarden, Robert Fensterheim, David Rick, Thomas Lardie, Lisa McFadden, Amanda Green, Leslie Recio"," The Dow Chemical Company, Midland, Michigan.",2013 Dec;54(9):755-68,10.1002/em.21809
9041041,19960101,article,mesh,"Animals,Antineoplastic Agents,Biocompatible Materials,Carcinoma 256, Walker,Cell Death,Humans,Male,Maleates,Maleic Anhydrides,Materials Testing,Methylmethacrylates,Molecular Weight,Organ Size,Polymers,Polystyrenes,Polyvinyls,Rats,Rats, Wistar,Tumor Cells, Cultured","chemistry,drug effects,drug therapy,pharmacology,toxicity","D000970 Q000494 NY,D008299 Q000737 NN,D011108 Q000633 NN,D011145 Q000737 NN,D001672 Q000494 NY,D009929 Q000187 NN,D011137 Q000633 NN,D001672 Q000633 NN,D002279 Q000188 NN,D011145 Q000633 NN,D001672 Q000737 NN,D016923 Q000187 NN,D008768 Q000494 NN,D008298 Q000494 NN,D008768 Q000737 NN,D008768 Q000633 NN,D011145 Q000494 NN,D008299 Q000633 NN,D008299 Q000494 NY,D011137 Q000737 NN,D000970 Q000737 NN,D008298 Q000633 NN,D011137 Q000494 NN,D011108 Q000494 NY,D008298 Q000737 NN,D011108 Q000737 NN,D000970 Q000633 NN","7923,62707",NULL,"Biological activity of maleic anhydride copolymers. I. Biocompatibility and antitumoural effects of maleic anhydride-vinyl acetate, maleic anhydride-methyl methacrylate and maleic anhydride-styrene copolymers.","A series of maleic anhydride (MA)-vinyl acetate (VA), MA-methyl methacrylate (MM), and MA-styrene (S) copolymers were prepared and characterized. On employing various amounts of initiator, maleic anhydride-vinyl acetate, methyl methacrylate, and styrene copolymers with molecular weights ranging between 18,000 and 200,000 have been obtained. The in vivo and in vitro tests performed on K562 cellular cultures (human chronic myeloid leukemia) have shown that, as a function of the molecular weight, the synthesiz",Journal of biomaterials science. Polymer edition,"C V Uglea, L Panaitescu, D Spridon, D Ursu, I Popa, R M Ottenbrite"," Institute of Biological Research, Jassy, Romania.",1996 Jan;8(4):269-80,NULL
4094398,19851201,article,mesh,"Adjuvants, Immunologic,Animals,Antibody Formation,Antigens,Delayed-Action Preparations,Freund's Adjuvant,Inflammation,Male,Polyvinyls,Rabbits,Serum Albumin, Bovine","administration &amp; dosage,etiology,immunology,pharmacology","D000941 Q000008 NN,D011145 Q000494 NY,D012710 Q000008 NN,D005620 Q000494 NN,D007249 Q000209 NN,D012710 Q000276 NN","32742,175988",NULL,Evaluation of ethylene-vinyl acetate copolymer as a non-inflammatory alternative to Freund's complete adjuvant in rabbits.,"Ethylene-vinyl acetate copolymer (EVAc) was evaluated as an antigen delivery device in laboratory rabbits. Bovine serum albumin (BSA) was incorporated with EVAc in a pellet, which was implanted subcutaneously. Serum antibody titers to BSA in four implanted rabbits were equal to titers in four rabbits injected twice with BSA in complete Freund's adjuvant. Three of four rabbits implanted with EVAc displayed no inflammation or systemic illness in response to the pellet. The fourth rabbit repeatedly developed a",Laboratory animal science,"S M Niemi, J G Fox, L R Brown, R Langer",NULL,1985 Dec;35(6):609-12,NULL
17308936,20070301,article,"xref,mesh","Adaptation, Physiological,Biodegradation, Environmental,Ethylenes,Nocardiaceae,Oxidative Stress,Vinyl Chloride","genetics,growth &amp; development,metabolism,physiology","D014752 Q000378 NY,D009618 Q000235 NN,D005030 Q000378 NY,D009618 Q000378 NY,D018384 Q000502 NN,D009618 Q000254 NY","176,6338,6354","127589689,128141679,129071275",Mechanism controlling the extended lag period associated with vinyl chloride starvation in Nocardioides sp. strain JS614.,"The extended lag period associated with vinyl chloride (VC) starvation in VC- and ethene-assimilating Nocardioides sp. strain JS614 was examined. The extended lag periods were variable (3-7 days), only associated with growth on VC or ethene, and were observed in VC- or ethene-grown cultures following 24 h carbon starvation and mid-exponential phase cultures grown on non-alkene carbon sources (e.g. acetate). Alkene monooxygenase (AkMO) and epoxyalkane:coenzyme M transferase (EaCoMT) are the initial enzymes o",Archives of microbiology,"Timothy E Mattes, Nicholas V Coleman, Adina S Chuang, Andrea J Rogers, Jim C Spain, James M Gossett"," Department of Civil and Environmental Engineering, 4105 Seamans Center, The University of Iowa, Iowa City, IA 52242, USA. tim-mattes@uiowa.edu",2007 Mar;187(3):217-26,10.1007/s00203-006-0189-2
3185588,19881101,article,mesh,"Acetaldehyde,Animals,Cell Nucleus,Cyclophosphamide,Dose-Response Relationship, Drug,Male,Meiosis,Mice,Sperm Count,Spermatogenesis,Spermatozoa,Testis,Vinyl Compounds","anatomy &amp; histology,drug effects,pharmacology,toxicity,ultrastructure","D002467 Q000648 NN,D003520 Q000494 NN,D000079 Q000633 NY,D014753 Q000633 NY,D013094 Q000648 NN,D013737 Q000187 NY,D013091 Q000187 NY,D013737 Q000033 NN,D013076 Q000187 NN,D013094 Q000187 NY","177,2907,7904,22420",NULL,Effects of vinyl acetate and acetaldehyde on sperm morphology and meiotic micronuclei in mice.,"The testicular genotoxic effects of vinylacetate (VA) and its hydrolysis product, acetaldehyde (AA), were studied in mice by analyzing the induction of morphologically abnormal sperm and meiotic micronuclei. VA significantly increased the frequency of sperm abnormalities at 500 mg/kg/day while lower doses were ineffective. AA did not induce abnormal sperm. Neither of the compounds influenced the frequency of meiotic micronuclei. VA, but not AA, caused a dose-dependent decrease in sperm production and a redu",Mutation research,J Lähdetie," Department of Medical Genetics, University of Turku, Finland.",1988 Nov;202(1):171-8,10.1016/0027-5107(88)90179-0
16104691,20050801,article,"xref,mesh","Acetylene,Alkynes,Carbon,Cyclization,Isomerism,Onium Compounds,Salts,Vinyl Compounds","chemical synthesis,chemistry","D012492 Q000737 NY,D000114 Q000737 NN,D000480 Q000138 NY,D014753 Q000737 NY,D009861 Q000737 NY,D002244 Q000737 NN","176,6326,10887832","129071275,129555393",Generation of cycloalkynes by hydro-iodonio-elimination of vinyl iodonium salts.,"Cyclohexynes can be generated efficiently from 1-cyclohexenyliodonium salts with acetate or other bases via the E2 and E1 mechanism. The observed regioselectivity of nucleophilic addition to substituted cyclohexynes conforms to the LUMO populations: the less deformed acetylenic carbon is more electrophilic. Cycloheptyne can form by the E1-type elimination via 1,2-rearrangement from cyclohexylidenemethyliodonium salt under very weakly basic conditions. ",Accounts of chemical research,"Tadashi Okuyama, Morifumi Fujita"," Graduate School of Material Science, Himeji Institute of Technology, University of Hyogo, Kamigori, Hyogo 678-1297, Japan. okuyama@sci.u-hyogo.ac.jp",2005 Aug;38(8):679-86,10.1021/ar040293r
27794450,20170201,article,"xref,mesh","Cell Culture Techniques,Cells, Cultured,Cytochrome P-450 Enzyme System,Drug Evaluation, Preclinical,Drug-Related Side Effects and Adverse Reactions,Gelatin,Hep G2 Cells,Hepatocytes,Humans,Mesenchymal Stromal Cells,Pharmaceutical Preparations,Phenacetin,Polymers,Reactive Oxygen Species,Spheroids, Cellular,Testosterone,Umbilical Cord,Vinyl Compounds","cytology,drug effects,genetics,metabolism,methods,pharmacology","D003577 Q000235 NN,D022781 Q000378 YN,D059630 Q000166 NY,D004364 Q000378 NN,D018874 Q000187 YN,D014470 Q000166 NY,D017382 Q000378 NN,D022781 Q000187 YN,D018874 Q000378 YN,D013739 Q000494 NN,D004353 Q000379 NY,D010615 Q000494 NN,D003577 Q000378 NN","702,4594,4754,6013,7904,119207,5381226,12304591,135398735","53788700,53789428,53790678",3D engineered In vitro hepatospheroids for studying drug toxicity and metabolism.,"Drug toxicity is one of the reasons for late stage drug attrition, because of hepatotoxicity. Various in vitro liver models like primary human hepatocytes, immortalized human hepatic cell lines, liver slices and microsomes have been used; but limited by viability, hepatic gene expression and function. The 3D-engineered construct of hepatocyte-like-cells (HLCs) differentiated from stem cells, may provide a limitless source of hepatocytes with improved reproducibility. Towards this end, we used hepatospheroid",Toxicology in vitro : an international journal published in association with BIBRA,"Swati Chitrangi, Prabha Nair, Aparna Khanna"," Department of Biological Sciences, Sunandan Divatia School of Science, SVKM'S NMIMS (Deemed-to-be ) University, V. L Mehta road, Vile Parle (West), Mumbai 400056, Maharashtra, India. Division of Tissue Engineering and Regeneration Technologies, Biomedical Technology Wing, Shree Chitra Tirunal Institute for Medical Sciences and Technology, Thiruvananthapuram 695012, Kerala, India. Department of Biological Sciences, Sunandan Divatia School of Science, SVKM'S NMIMS (Deemed-to-be ) University, V. L Mehta road,",2017 Feb;38(?):8-18,10.1016/j.tiv.2016.10.009
19549188,20090801,article,"xref,mesh","Animals,Breast Neoplasms,Cell Death,Cell Line, Tumor,Enzyme Inhibitors,Female,Fibroblasts,Humans,MAP Kinase Kinase 4,Mice,Paclitaxel,Phenylacetates,Phosphatidylinositol 3-Kinases,Protein Kinases,Proto-Oncogene Proteins c-akt,TOR Serine-Threonine Kinases,Vinyl Chloride","antagonists &amp; inhibitors,drug effects,enzymology,metabolism,pathology,pharmacology,physiology,toxicity","D011494 Q000187 NN,D010648 Q000494 NY,D017239 Q000633 NN,D048670 Q000378 NY,D019869 Q000378 NN,D014752 Q000494 NY,D011494 Q000502 NY,D051057 Q000037 NY,D016923 Q000187 NN,D005347 Q000502 NN,D005347 Q000201 NN,D005347 Q000187 NN,D019869 Q000037 NY,D051057 Q000378 NN,D004791 Q000494 NN,D001943 Q000473 NN","999,4666,6338,36314,184492,4409936,23690424,24180949,53903450,90951960,91454826","127589689,128132375,129598381,135897353,244515596,248184126",The novel molecule 2-[5-(2-chloroethyl)-2-acetoxy-benzyl]-4-(2-chloroethyl)-phenyl acetate inhibits phosphoinositide 3-kinase/Akt/mammalian target of rapamycin signalling through JNK activation in cancer cells.,"Screening a compound library of compound 48/80 analogues, we identified 2-[5-(2-chloroethyl)-2-acetoxy-benzyl]-4-(2-chloroethyl)-phenyl acetate (E1) as a novel inhibitor of the phosphoinositide 3-kinase/Akt pathway. In order to determine the mechanism of action of E1, we analysed the effect of E1 on components of the phosphoinositide 3-kinase/Akt/mammalian target of rapamycin (mTOR) pathway. E1 demonstrated dose-dependent and time-dependent repression of Akt and mTOR activity in prostate and breast cancer c",The FEBS journal,"Ka-Kei Ho, Evelyn Rosivatz, Richard M Gunn, Mark E B Smith, Alexandra V Stavropoulou, Erika Rosivatz, Macba G Numbere, John B Wong, Valerie G H Lafitte, Jonathan M Behrendt, Stephen S Myatt, Helen C Hailes, Rüdiger Woscholski, Eric W-F Lam"," Cancer Research UK Labs, Department of Oncology, Imperial College London, Hammersmith Hospital, UK.",2009 Aug;276(15):4037-50,10.1111/j.1742-4658.2009.07112.x
25445001,20150601,article,mesh,"Animals,CHO Cells,Cell Line,Chewing Gum,Chromosome Aberrations,Cricetulus,DNA Damage,Laurates,Male,Mice,Micronucleus Tests,Mutagenicity Tests,Mutagens,Mutation,Polymers,Polyvinyls,Toxicity Tests","drug effects,methods,toxicity","D018675 Q000379 NN,D015162 Q000379 NN,D007848 Q000633 NY,D011145 Q000633 NY,D009152 Q000379 NN,D009154 Q000187 NN,D004249 Q000187 NN,D011108 Q000633 NY,D002869 Q000187 NN,D002638 Q000633 NN,D009153 Q000633 NN",NULL,NULL,Evaluation of vinyl laurate in a battery of in vitro and in vivo tests for genotoxicity.,"Vinyl laurate is a potential residual monomer in chewing gum base formulated with polyvinyl acetate vinyl laurate copolymer (PVAcVL). The genotoxic potential of vinyl laurate was examined in a battery of in vitro and in vivo genotoxicity tests. Vinyl laurate was not mutagenic in Ames tests. In addition, it was not mutagenic in the HPRT mutation assay in L5178Y cells. An in vitro mammalian chromosome aberration assay performed in CHO cells was equivocal. Vinyl laurate and/or its metabolites were not clastoge",Regulatory toxicology and pharmacology : RTP,"Frédérique van Acker, Horst Messinger, Albert Bär"," TNO Triskelion BV, P.O. Box 844, 3700 AV Zeist, The Netherlands. Bioresco Ltd., Bundesstrasse 29, 4054 Basel, Switzerland. Bioresco Ltd., Bundesstrasse 29, 4054 Basel, Switzerland. Electronic address: horst.messinger@bioresco.ch.",2015 Jun;72(1):77-84,10.1016/j.yrtph.2014.09.016
12616416,20030101,article,"xref,mesh","Animals,Anticoagulants,Blood Vessel Prosthesis Implantation,Coated Materials, Biocompatible,Coronary Angiography,Coronary Stenosis,Coronary Vessels,Disease Models, Animal,Equipment Design,Follow-Up Studies,Heparin,Inflammation,Materials Testing,Models, Cardiovascular,Muscle, Smooth, Vascular,Polyvinyls,Severity of Illness Index,Stents,Swine,Treatment Outcome","cytology,diagnostic imaging,pathology,surgery,therapeutic use,therapy","D020099 Q000627 NY,D009131 Q000473 NN,D023921 Q000628 NN,D011145 Q000627 NN,D007249 Q000000981 NN,D000925 Q000627 NY,D009131 Q000000981 NN,D007249 Q000628 NN,D009131 Q000166 NN,D023921 Q000000981 NN,D003331 Q000601 NN,D006493 Q000627 NY","32742,61774,175988,22833565",128239005,Intense inflammatory reaction to heparin polymer coated intravascular Palmaz stents in porcine arteries compared to uncoated Palmaz stents.,The objective of this study was to evaluate the efficacy of heparin-polymer-coated intravascular stents in the reduction of vessel stenosis. Three types of coatings for Palmaz stents were tested: 1) heparin covalently bound to a polyethylene oxide (Hp-PEO) tether; 2) heparin copolymerized with ethylene vinyl acetate (Hp-Elvax) and 3) Elvax alone. Polymer-coated stents and uncoated controls were deployed in the external iliac arteries following endothelial injury in 18 swine. The animals were maintained on a,Cardiovascular and interventional radiology,"Scott C Goodwin, Hyo-Chun Yoon, Gary Chen, Peter Abdel-Sayed, Mary M Costantino, Sheila M Bonilla, Earl Nishimura"," Department of Radiology, Veterans Administration, Los Angeles, CA 90073, USA.",2003 Jan;26(2):158-67,10.1007/s00270-002-2562-0
1778997,19910901,article,mesh,"Analysis of Variance,Animals,Biocompatible Materials,Dexamethasone,Inflammation,Male,Mast Cells,Microscopy, Electron,Polyvinyls,Prostheses and Implants,Rats,Rats, Inbred Strains","administration &amp; dosage,drug effects,pharmacology,physiology","D008407 Q000502 NY,D003907 Q000494 NN,D003907 Q000008 NY,D008407 Q000187 NN","5743,32742,175988",NULL,Mast cells and tissue reaction to intraperitoneally implanted polymer capsules.,"The inflammatory reaction to implanted biomaterials often compromises the clinical usefulness of implantable devices. Dexamethasone, an anti-inflammatory agent, acts on macrophages to decrease production of inflammatory mediators, and on mast cells to prevent degranulation. Systemic administration of dexamethasone (dms) in rats decreases the tissue reaction to intraperitoneally implanted vinyl chloride-acrylic copolymer capsules. Local release of even smaller amounts of dms from a polymeric substrate placed",Journal of biomedical materials research,"L Christenson, L Wahlberg, P Aebischer"," Artificial Organ Laboratory, Brown University, Providence, Rhode Island 02912.",1991 Sep;25(9):1119-31,10.1002/jbm.820250906
15598563,20050117,article,"xref,mesh","Animals,Cell Line,Cell Movement,Fingolimod Hydrochloride,Humans,Immunosuppressive Agents,Lymphocytes,Mice,Models, Chemical,Molecular Structure,Propylene Glycols,Protein Binding,Rats,Rats, Sprague-Dawley,Receptors, Lysosphingolipid,Sphingosine,Stereoisomerism","analogs &amp; derivatives,chemical synthesis,drug effects,metabolism,pharmacology","D007166 Q000494 NY,D002465 Q000187 NN,D011409 Q000138 NY,D007166 Q000378 NN,D011409 Q000494 NY,D013110 Q000031 NN,D007166 Q000138 NY,D008214 Q000187 NN,D011409 Q000378 NN,D049349 Q000378 NN","7904,8252,31270,107969,107970,5280335,14122294","128394615,129060975,129645792,129740424,246464401",Asymmetric synthesis and biological evaluation of the enantiomeric isomers of the immunosuppressive FTY720-phosphate.,"A practical asymmetric synthesis of both enantiomers of the immunosuppressive FTY720-phosphate (2) was accomplished, and the enantiomers were pharmacologically evaluated. Several lipases showed considerable activity and enantioselectivity for O-acylation of N-acetyl FTY720 (3) or N-benzyloxycarbonyl FTY720 (7) in combination with vinyl acetate or benzyl vinyl carbonate as the acyl donors. The synthesis using the lipase-catalyzed acylation as the key step produced the enantiomerically pure (>99.5% ee) enanti",Bioorganic & medicinal chemistry,"Masatoshi Kiuchi, Kunitomo Adachi, Ayumi Tomatsu, Masao Chino, Shuzo Takeda, Yoshihito Tanaka, Yasuhiro Maeda, Noriko Sato, Naoko Mitsutomi, Kunio Sugahara, Kenji Chiba"," Research Laboratory III (Immunology), Mitsubishi Pharma Corporation, Kamoshida-cho 1000, Aoba-ku, Yokohama 227-0033, Japan. kiuchi.masatoshi@ms.m-pharma.co.jp",2005 Jan;13(2):425-32,10.1016/j.bmc.2004.10.008
20724776,20100917,article,"xref,mesh","Erythrocytes,Fullerenes,Furans,Hemolysis,Humans,Nanoparticles,Oxidative Stress,Polyvinyls,Serum Albumin,gamma-Cyclodextrins","adverse effects,chemistry,cytology,metabolism","D047408 Q000009 NN,D053758 Q000009 NY,D037741 Q000737 NN,D011145 Q000737 NN,D053758 Q000737 NN,D005663 Q000009 NN,D047408 Q000737 NN,D011145 Q000009 NN,D004912 Q000166 NN,D012709 Q000378 NN,D037741 Q000009 NY,D005663 Q000737 NN","8028,12035,32742,86575,123591,175988,5287407,18373617,101136809","127734565,128977994,129653995",Oxidative stress-mediated hemolytic activity of solvent exchange-prepared fullerene (C60) nanoparticles.,"The present study investigated the hemolytic properties of fullerene (C(60)) nanoparticles prepared by solvent exchange using tetrahydrofuran (nC(60)THF), or by mechanochemically assisted complexation with macrocyclic oligosaccharide gamma-cyclodextrin (nC(60)CDX) or the copolymer ethylene vinyl acetate-ethylene vinyl versatate (nC(60)EVA-EVV). The spectrophotometrical analysis of hemoglobin release revealed that only nC(60)THF, but not nC(60)CDX or nC(60)EVA-EVV, was able to cause lysis of human erythrocyt",Nanotechnology,"Andreja Trpkovic, Biljana Todorovic-Markovic, Duska Kleut, Maja Misirkic, Kristina Janjetovic, Ljubica Vucicevic, Aleksandar Pantovic, Svetlana Jovanovic, Miroslav Dramicanin, Zoran Markovic, Vladimir Trajkovic"," Vinca Institute of Nuclear Sciences, University of Belgrade, Belgrade, Serbia.",2010 Sep;21(37):375102,10.1088/0957-4484/21/37/375102
15054764,20040402,article,"xref,mesh","Models, Chemical,Molecular Structure,Molybdenum,Organometallic Compounds,Rhenium","chemical synthesis,chemistry","D008982 Q000737 NY,D009942 Q000737 NN,D009942 Q000138 NY,D012211 Q000737 NY","177,996,7672,7904,12980,23932,23947,31229,69295,69325,25087173","127732581,128065155,128180287,128199891,128215673,128594072,129475220,129740424",Reactivity of molybdenum and rhenium hydroxo-carbonyl complexes toward organic electrophiles.,"The hydroxo compounds [Re(OH)(CO)(3)(N-N)] (N-N=bipy, 2 a; Me(2)-bipy, 2 b) were prepared in a biphasic H(2)O/CH(2)Cl(2) medium by reaction of [Re(OTf)(CO)(3)(N-N)] with KOH. In contrast, when anhydrous CH(2)Cl(2) was used, the binuclear hydroxo-bridged compound [[Re(CO)(3)(bipy)](2)(mu-OH)]OTf (3-OTf) was obtained. Compound [Re(OH)(CO)(3)(Me(2)-bipy)] (2 b) reacted with phenyl acetate or vinyl acetate to afford [Re(OAc)(CO)(3)(Me(2)-bipy)] (4) and phenol or acetaldehyde, respectively. The reactions of [Mo(","Chemistry (Weinheim an der Bergstrasse, Germany)","Luciano Cuesta, Darío C Gerbino, Eva Hevia, Dolores Morales, M Elena Navarro Clemente, Julio Pérez, Lucía Riera, Víctor Riera, Daniel Miguel, Ignacio del Río, Santiago García-Granda"," Departamento de Química Orgánica e Inorgánica-IUQOEM, Facultad de Química, Universidad de Oviedo-CSIC, 33071 Oviedo, Spain.",2004 Apr;10(7):1765-77,10.1002/chem.200305577
1865025,19910201,article,mesh,"Amino Acid Sequence,Animals,Drug Implants,Giant Cells,Glass,Gonadotropin-Releasing Hormone,Granuloma, Foreign-Body,Granuloma, Giant Cell,Ictaluridae,Inulin,Macrophages,Molecular Sequence Data,Peritoneal Cavity,Polyvinyls,Serum Albumin, Bovine","administration &amp; dosage,adverse effects,analogs &amp; derivatives,etiology,pathology,physiology,ultrastructure","D015745 Q000473 NN,D008264 Q000502 NN,D015726 Q000502 NN,D015745 Q000209 NY,D007987 Q000031 NN,D006101 Q000209 NY,D006101 Q000473 NN,D010529 Q000473 NY,D012710 Q000008 NN,D015726 Q000648 NN,D004343 Q000009 NY,D007059 Q000502 NY,D007987 Q000008 NY,D007444 Q000008 NN","32742,36523,65331,175988,638793,5748256,11980076,23624131,60196354,134694103",NULL,Granulomatous inflammation and monstrous giant cells in response to intraperitoneal hormone implants in channel catfish (Ictalurus punctatus).,"Plastic implants (2.7 mm maximum dimension) of an ethyl vinyl acetate copolymer (EVAc) matrix, containing inulin, bovine serum albumin (BSA) and luteinizing hormone releasing hormone (LHRH), were covered with impervious EVAc and then surgically placed into the peritoneal cavity of 1-year-old channel catfish, Ictalurus punctatus. In fish kept in cold water (13 degrees C), 10 per cent of the implants per month were encapsulated by granulation tissue. In fish kept in warm water (27 degrees C), 20 per cent of t",Journal of comparative pathology,"A E Goodwin, J M Grizzle"," Department of Fisheries and Allied Aquacultures, Auburn University, Alabama 36849.",1991 Feb;104(2):147-60,10.1016/s0021-9975(08)80098-9
2494015,19890301,article,mesh,"Animals,Chronic Disease,Delayed-Action Preparations,Female,Inflammation,Interferon-gamma,Interleukin-1,Interleukin-2,Mice,Mice, Inbred Strains,Recombinant Proteins","administration &amp; dosage,etiology,pathology,pharmacology","D007375 Q000494 NY,D007371 Q000494 NY,D007376 Q000008 NN,D007376 Q000494 NY,D007249 Q000209 NY,D007375 Q000008 NN,D007249 Q000473 NN,D011994 Q000494 NN,D007371 Q000008 NN,D011994 Q000008 NN",NULL,NULL,"Local pathological responses to slow-release recombinant interleukin-1, interleukin-2 and gamma-interferon in the mouse and their relevance to chronic inflammatory disease.","1. The present study describes the pathological responses to local administration of recombinant cytokines in subcutaneously implanted slow-release ethylene vinyl acetate (EVA) co-polymer in mice. 2. EVA-recombinant human interleukin-1 beta (10(4) units) implants induced the formation of chronic granulomatous inflammatory tissue between 4 and 7 days after implantation, characterized by predominant macrophage infiltration, neovascularization and fibrosis which persisted up to 21 days after-implantation. EVA-","Clinical science (London, England : 1979)","C J Dunn, M M Hardee, A J Gibbons, N D Staite, K A Richard"," Department of Hypersensitivity Diseases Research, Upjohn Company, Kalamazoo, Michigan 49001.",1989 Mar;76(3):261-3,10.1042/cs0760261
2508441,19890601,article,mesh,"Animals,Female,Inflammation,Injections, Subcutaneous,Interferon-gamma,Interleukin-1,Interleukin-2,Mice,Recombinant Proteins,Skin,Tumor Necrosis Factor-alpha","chemically induced,pathology,toxicity","D007376 Q000633 NY,D007371 Q000633 NY,D007375 Q000633 NY,D012867 Q000473 NN,D014409 Q000633 NY,D011994 Q000633 NN,D007249 Q000139 NY,D007249 Q000473 NN",NULL,NULL,"Acute and chronic inflammatory responses to local administration of recombinant IL-1 alpha, IL-beta, TNF alpha, IL-2 and Ifn gamma in mice.","The contention that cytokines are important mediators of inflammation prompted the present studies which were designed to compare acute and chronic pathological effects of locally-administered recombinant (r) IL-1 alpha, IL-1 beta, TNF alpha, IL-2 and Ifn gamma. Acute (6 hr), resolving (48 hr) inflammation was induced by the following, in order of potency: rIL-1 alpha greater than rIL-1 beta greater than rTNF alpha greater than rIfn gamma = BSA (control) following a single sc. injection. However, only rIL-1",Agents and actions,"C J Dunn, M M Hardee, N D Staite"," Department of Hypersensitivity Diseases Research, Upjohn Company, Kalamazoo, MI 94001.",1989 Jun;27(?):290-3,10.1007/bf01972801
8980737,19960101,article,mesh,"Amsacrine,Animals,Antineoplastic Agents,Brain Neoplasms,Cell Death,Cell Division,Delayed-Action Preparations,Drug Implants,Glioma,Humans,Lymphocytes,Male,Necrosis,Rats,Rats, Sprague-Dawley,Remission Induction,Spectrophotometry,Survival Analysis,Tumor Cells, Cultured","administration &amp; dosage,analysis,drug effects,drug therapy,pathology","D000970 Q000008 NY,D002455 Q000187 NN,D008214 Q000473 NN,D001932 Q000473 NN,D005910 Q000188 NY,D001932 Q000188 NY,D005910 Q000473 NN,D000677 Q000032 NN,D000677 Q000008 NY","2179,88124,148673,148674",NULL,Polymeric controlled-release amsacrine chemotherapy in an experimental glioma model.,The purpose of this study was to fabricate and investigate amsacrine containing polymeric rods for use in interstitial chemotherapy of malignant glioma. Ethylene vinyl acetate copolymer (EVAc) rods containing 40% amsacrine (AMSA) were fabricated successfully with an extrusion method. In vitro kinetic studies revealed a high level of reproducibility of the production process. The release of AMSA showed a biphasic pattern consistent with a matrix-type controlled-release system with an initial more rapid relea,Acta neurochirurgica,"L U Wahlberg, P M Almqvist, M J Glantz, J Boëthius"," Department of Clinical Neuroscience, Karolinska Institute, Stockholm, Sweden.",1996 Jan;138(11):?,10.1007/bf01411063
10712481,20000301,article,mesh,"Aging,Animals,Carrier Proteins,Coloring Agents,Electrophysiology,Female,GABA Plasma Membrane Transport Proteins,Glutamate Decarboxylase,Immunohistochemistry,Lysine,Membrane Potentials,Membrane Proteins,Membrane Transport Proteins,N-Methylaspartate,Neurons,Organic Anion Transporters,Patch-Clamp Techniques,Pregnancy,Rats,Rats, Sprague-Dawley,Superior Colliculi,gamma-Aminobutyric Acid","analogs &amp; derivatives,cytology,drug effects,metabolism,pharmacology,physiology,ultrastructure","D005968 Q000378 NN,D008565 Q000378 NN,D013477 Q000502 NN,D005680 Q000378 NN,D002352 Q000378 NN,D013477 Q000187 NY,D016202 Q000494 NY,D008239 Q000031 NN,D000375 Q000502 NN,D013477 Q000166 NN,D005680 Q000502 NY,D008564 Q000502 NN,D009474 Q000648 NN","119,5962,12047,22880,69568,83814,104152,641599",NULL,Chronic NMDA exposure accelerates development of GABAergic inhibition in the superior colliculus.,"Maturation of excitatory synaptic connections depends on the amount and pattern of their activity, and activity can affect development of inhibitory synapses as well. In the superficial visual layers of the superior colliculus (sSC), developmental increases in the effectiveness of gamma-aminobutyric acid (GABA(A)) receptor-mediated inhibition may be driven by the maturation of visual inputs. In the rat sSC, GABA(A) receptor currents significantly jump in amplitude between postnatal days 17 and 18 (P17 and P",Journal of neurophysiology,"S M Aamodt, J Shi, M T Colonnese, W Veras, M Constantine-Paton"," Department of Molecular Cellular and Developmental Biology, Yale University, New Haven, Connecticut 06520, USA.",2000 Mar;83(3):1580-91,10.1152/jn.2000.83.3.1580
12676450,20030411,review,"xref,mesh","Acrylamide,Acrylonitrile,Animals,Carcinogens,Dose-Response Relationship, Drug,Formaldehyde,Germany,Humans,Mutagenicity Tests,Trichloroethylene","administration &amp; dosage,classification,metabolism,methods,toxicity","D009152 Q000379 NY,D005557 Q000008 NN,D014241 Q000378 NN,D020106 Q000633 NN,D020106 Q000378 NN,D005557 Q000633 NN,D005557 Q000378 NN,D002273 Q000145 YN,D000181 Q000633 NN,D002273 Q000633 YN,D020106 Q000008 NN,D000181 Q000008 NN,D014241 Q000008 NN,D000181 Q000378 NN,D002273 Q000008 YN,D014241 Q000633 NN","712,6575,6579,7855,7904","128103209,128718804,129735795,129740424",Genotoxicity--threshold or not? Introduction of cases of industrial chemicals.,Many industrially and environmentally important industrial carcinogens display effects that lead them to be viewed and regulated as 'genotoxic compounds'. Some of these chemicals cause experimental tumours only at high or toxic doses. The current view is that non-threshold principles should be applied for risk assessments and to define permissible exposure values. The toxicological impact of underlying mechanisms is frequently not well investigated and understood. The classification of carcinogens is now in,Toxicology letters,Hermann M Bolt," Institut für Arbeitsphysiologie an der Universität Dortmund, Ardeystr. 67, D-44139, Dortmund, Germany. bolt@ifado.de",2003 Apr;?(?):43-51,10.1016/s0378-4274(02)00495-2
15698620,20050301,article,"xref,mesh","1-Methyl-4-phenyl-1,2,3,6-tetrahydropyridine,Animals,Antiparkinson Agents,Apomorphine,Disease Models, Animal,Dopamine Agonists,Dose-Response Relationship, Drug,Drug Administration Schedule,Drug Implants,Dyskinesias,Inflammation,Injections, Subcutaneous,Macaca fascicularis,Male,Movement,Parkinsonian Disorders,Polyvinyls,Recovery of Function,Steroids","administration &amp; dosage,adverse effects,blood,chemically induced,complications,drug effects,drug therapy,etiology,physiopathology,prevention &amp; control,therapeutic use","D001058 Q000009 NN,D007249 Q000188 NN,D018491 Q000008 NY,D020734 Q000188 NY,D018491 Q000009 NN,D020820 Q000209 NN,D013256 Q000627 NN,D007249 Q000139 NN,D001058 Q000008 NY,D020127 Q000187 NN,D000978 Q000009 NN,D011145 Q000008 NN,D001058 Q000097 NN,D011145 Q000009 NN,D020734 Q000503 NN,D009068 Q000187 NN,D020820 Q000517 NY,D020734 Q000150 NN,D000978 Q000008 NY","681,1388,6005,9410,32742,61774,107882,175988,25058166","128239005,128934001,129497604,129544235",Continuous dopaminergic stimulation reduces risk of motor complications in parkinsonian primates.,"Levodopa or short-acting dopamine (DA) agonist treatment of advanced parkinsonian patients exposes striatal DA receptors to non-physiologic intermittent stimulation that contributes to the development of dyskinesias and other motor complications. To determine whether continuous dopaminergic stimulation can delay or prevent onset of motor complications, four MPTP-lesioned, levodopa-naive cynomolgus monkeys were implanted subcutaneously with apomorphine containing ethylene vinyl acetate rods. Three other MPTP",Experimental neurology,"Francesco Bibbiani, Lauren C Costantini, Raj Patel, Thomas N Chase"," Experimental Therapeutic Branch, Building 10, Room 5C103, National Institute of Neurological Disorders and Stroke, NIH, Bethesda, MD 20892-1406, USA.",2005 Mar;192(1):73-8,10.1016/j.expneurol.2004.11.013
16978761,20061110,article,xref,"Cytochrome P-450 CYP2E1,DNA, Bacterial,Dose-Response Relationship, Drug,Mutagenicity Tests,Mutagens,Plasmids,Salmonella typhimurium,Species Specificity,Substrate Specificity,Transfection,Xenobiotics","classification,drug effects,enzymology,genetics,metabolism,methods,toxicity","D015262 Q000145 NN,D012486 Q000201 NY,D012486 Q000235 NN,D019392 Q000235 NN,D009152 Q000379 NN,D019392 Q000378 NY,D010957 Q000235 NN,D009153 Q000145 NN,D012486 Q000187 NN,D009153 Q000633 NY,D015262 Q000633 NY","178,1539,5641,5921,6378,6575,6579,6656,7850,7855,7904,8252,8821,11937,13591,31373","127618454,127697393,127750840,127983601,128103209,128278985,128306526,128718804,128854081,129060975,129371915,129557820,129608820,129735795,129740424,129776823",Mutagenicity of cytochrome P450 2E1 substrates in the Ames test with the metabolic competent S. typhimurium strain YG7108pin3ERb5.,"Poor metabolic competence of in vitro systems was proposed to be one of their major shortcomings accounting for false negative results in genotoxicity testing. For several ""low molecular weight cancer suspects"" this was specifically attributed to the lack of cytochrome P450 2E1 (CYP2E1) in conventional in vitro metabolising systems. One promising attempt to overcome this problem is the transfection of ""methyltransferase-deficient""S. typhimurium strains with the plasmid pin3ERb5. This plasmid contains DNA en",Toxicology,"Birgit Emmert, Jürgen Bünger, Kristian Keuch, Michael Müller, Steffen Emmert, Ernst Hallier, Götz A Westphal"," Department of Occupational and Social Health, Georg-August-University Göttingen, Waldweg 37, Göttingen, Germany. baut@gwdg.de",2006 Nov;228(1):66-76,10.1016/j.tox.2006.08.013
22988344,20120101,review,xref,"Animals,Drug Delivery Systems,Humans,Inflammation,Polymers,Vitreous Body","chemistry,drug effects,drug therapy,immunology,methods,pathology","D014822 Q000473 NY,D016503 Q000379 NY,D007249 Q000188 NY,D011108 Q000737 NN,D014822 Q000276 NN,D014822 Q000187 NY","3454,6215,6436,135398740","128210764,135990278,136166211",Intravitreal devices for the treatment of vitreous inflammation.,The eye is a well-suited organ for local delivery of therapeutics to treat vitreous inflammation as well as other pathologic conditions that induce visual loss. Several conditions are particularly challenging to treat and often require chronic courses of therapy. The use of implantable intravitreal devices for drug delivery is an emerging field in the treatment of vitreous inflammation as well as other ophthalmologic diseases. There are unique challenges in the design of these devices which include implants,Mediators of inflammation,"John B Christoforidis, Susie Chang, Angela Jiang, Jillian Wang, Colleen M Cebulla"," Retina Division, Department of Ophthalmology, The Ohio State University Wexner Medical Center, Columbus, OH 43212, USA. jbchristo@hotmail.com",2012 Jan;2012(?):126463,10.1155/2012/126463
24173005,20131115,article,mesh,"Cyclosporine,Drug Packaging,Drug Stability,Drug Storage,Glucose,Humans,Immunosuppressive Agents,Infusions, Intravenous,Polyvinyls,Sodium Chloride",chemistry,"D005947 Q000737 NY,D011145 Q000737 NY,D012965 Q000737 NY,D007166 Q000737 NN,D016572 Q000737 NY","2909,5234,5793,24749,32742,62280,107526,175988,5280754,5284373,5458585,6435893,9855081,10954115,24883466,25246316,49867938,71306795,71463825,73896891,87517085,122172945,123134263,123134270,132274082",NULL,Stability of cyclosporine diluted with 0.9% sodium chloride injection or 5% dextrose injection and stored in ethylene-vinyl acetate containers.,NULL,American journal of health-system pharmacy : AJHP : official journal of the American Society of Health-System Pharmacists,"Mengqing Li, Christian Coursol, Grégoire Leclair"," University of TorontoToronto, Canada.",2013 Nov;70(22):1970-2,10.2146/ajhp130330
28498908,20170901,article,mesh,"Body Fluids,Chromatography, High Pressure Liquid,Humans,Lidocaine,Limit of Detection,Linear Models,Polyvinyls,Reproducibility of Results","analysis,chemistry,isolation &amp; purification,methods","D008012 Q000737 NN,D002851 Q000379 NY,D011145 Q000737 NY,D001826 Q000737 NY,D008012 Q000302 NN,D008012 Q000032 NY","3676,6314,32742,175988",NULL,"Development, Validation and Application of a Stability Indicating HPLC Method to Quantify Lidocaine from Polyethylene-co-Vinyl Acetate (EVA) Matrices and Biological Fluids.","An efficient and cost-effective quantification procedure for lidocaine by HPLC has been developed to estimate lidocaine from an EVA matrix, plasma, peritoneal fluid and intra-articular fluid (IAF). This method guarantees the resolution of lidocaine from the degradation products obtained from alkaline and oxidative stress. Chromatographic separation of lidocaine was achieved with a retention time of 7 min using a C18 column with a mobile phase comprising acetonitrile and potassium dihydrogen phosphate buffer",Journal of chromatographic science,"Prabhat Bhusal, Manisha Sharma, Jeff Harrison, Georgina Procter, Gavin Andrews, David S Jones, Andrew G Hill, Darren Svirskis"," School of Pharmacy, Faculty of Medical and Health Sciences, The University of Auckland, Private Bag 92019, Auckland 1142, New Zealand. School of Pharmacy, Faculty of Medical and Health Sciences, The University of Auckland, Private Bag 92019, Auckland 1142, New Zealand. School of Pharmacy, Faculty of Medical and Health Sciences, The University of Auckland, Private Bag 92019, Auckland 1142, New Zealand. School of Pharmacy, Medical and Biological Centre, Queen's University, 97 Lisburn Road, Belfast BT9 7BL, N",2017 Sep;55(8):832-838,10.1093/chromsci/bmx043
2792591,19890801,article,mesh,"Animals,Biocompatible Materials,Drug Implants,Equipment and Supplies,Exudates and Transudates,Hydrocortisone,Inflammation,Microscopy, Electron, Scanning,Polyesters,Polyethylenes,Polymers,Polyvinyl Chloride,Surface Properties,Time Factors","metabolism,physiopathology,toxicity","D001672 Q000633 NY,D011091 Q000633 NN,D007249 Q000503 NN,D006854 Q000378 NN,D005122 Q000378 NN","5754,229860",NULL,The cage implant system for determining in vivo biocompatibility of medical device materials.,"Biocompatibility of an implanted material, drug delivery system, or prosthetic is a dynamic two-way process that involves the time-dependent effects of the host on the material and the material on the host. Implantation of any synthetic material initiates a wound-healing mechanism that is characterized by the inflammatory response. We have developed a novel implant system that enables quantitative as well as qualitative evaluation of the inflammatory response to implanted materials. The cage implant system ",Fundamental and applied toxicology : official journal of the Society of Toxicology,R E Marchant," Department of Biomedical Engineering, Case Western Reserve University, Cleveland, Ohio 44106.",1989 Aug;13(2):217-27,10.1016/0272-0590(89)90258-3
9142726,19970501,article,mesh,"Animals,Brain,Bromine Radioisotopes,Dexetimide,Male,Muscarinic Antagonists,Papio,Quinuclidinyl Benzilate,Rats,Rats, Wistar,Receptors, Muscarinic,Stereoisomerism,Tomography, Emission-Computed","analysis,diagnostic imaging,methods,pharmacokinetics,pharmacology","D001921 Q000000981 NY,D003909 Q000494 NN,D018727 Q000493 YN,D011813 Q000493 YN,D011976 Q000032 NY,D014055 Q000379 NY,D018727 Q000494 YN","21846,21847,23056,30843",NULL,Positron emission tomographic investigations of central muscarinic cholinergic receptors with three isomers of [76Br]BrQNP.,"We studied the potential of three radiobrominated isomers of BrQNP, (Z(-,-)-[76Br]BrQNP, E(-,-)-[76Br]BrQNP and E(-,+)-[76Br]BrQNP), as suitable radioligands for imaging of central muscarinic cholinergic receptors in the human brain. These radioligands were stereospecifically prepared by electrophilic radiobromodestannylation of the respective tributylstannyl precursors using no-carrier-added [76Br]BrNH4 and peracetic acid. Preliminary pharmacological characterizations were determined by biodistribution, au",European journal of nuclear medicine,"V Strijckmans, M Bottlaender, H Luo, M Ottaviani, D W McPherson, C Loc'h, C Fuseau, F F Knapp, B Mazière"," Service Hospitalier Frédéric Joliot, CEA, DRM, F-91406 Orsay, France.",1997 May;24(5):475-82,10.1007/bf01267677
11348146,20010518,article,xref,"Anti-Infective Agents,Aza Compounds,Bridged Bicyclo Compounds, Heterocyclic,Bridged-Ring Compounds,Crystallography, X-Ray,Cyclization,Free Radicals,Molecular Structure,Sulfonamides","chemical synthesis,chemistry","D013449 Q000737 NN,D001372 Q000138 NY,D000890 Q000737 NN,D019086 Q000138 NN,D001952 Q000138 NN,D000890 Q000138 NN","176,241,7501","128947937,129071275,129369435",Direct synthesis of previously inaccessible bridgehead azabicyclics by intramolecular cyclization of alpha-sulfonamido and alpha-sulfonimido radicals.,"Syntheses of the first bridgehead sultams and the only known bridgehead disulfonimide are described. Both approaches capitalize on the electrophilicity of alpha-sulfonyl radicals and their propensity to undergo intramolecular ring closure. Where double bonds are concerned, 5-exo and 6-exo pathways operate preferentially as long as structural strain is not excessive. When the reaction center is a carbon-carbon triple bond, the first cyclization gives rise to vinyl radicals that hold sufficient reactivity to ",The Journal of organic chemistry,"L A Paquette, C S Ra, J D Schloss, S M Leit, J C Gallucci"," Evans Chemical Laboratories, The Ohio State University, Columbus, OH 43210, USA. Paquette.l@osu.edu",2001 May;66(10):3564-73,10.1021/jo010216z
15976001,20050801,article,"xref,mesh","Adult,Aged,Apoptosis Regulatory Proteins,Blotting, Western,Cell Membrane,Cellulose,Complement Membrane Attack Complex,DNA-Binding Proteins,Enzyme Inhibitors,Factor Xa,Female,Gene Expression Regulation,Humans,Inflammation,Leukocytes,Leukocytes, Mononuclear,MAP Kinase Kinase 4,Male,Middle Aged,Monocytes,Phosphorylation,Polyvinyls,Protein Binding,Protein Isoforms,Protein-Tyrosine Kinases,Proto-Oncogene Proteins,Proto-Oncogene Proteins c-ets,RNA,RNA, Messenger,Receptor, PAR-1,Receptor, PAR-2,Receptors, CCR2,Rec","analogs &amp; derivatives,antagonists &amp; inhibitors,biosynthesis,chemistry,cytology,metabolism,pharmacology","D044463 Q000096 NN,D012313 Q000378 NN,D019707 Q000096 NY,D015951 Q000096 NN,D011145 Q000737 NN,D011518 Q000096 NN,D011505 Q000037 NN,D007963 Q000378 NN,D009000 Q000166 NN,D015951 Q000378 NN,D007963 Q000166 NY,D012333 Q000378 NN,D048670 Q000378 NN,D044464 Q000096 NN,D002482 Q000737 NN,D004791 Q000494 NN,D014157 Q000096 NN,D002482 Q000031 NN,D011505 Q000378 NN,D051017 Q000096 NN,D004268 Q000096 NN,D002462 Q000378 NN,D015938 Q000096 NN,D007962 Q000166 NN","176,6057,14496,122120,11963529","128865459,129071275,129237539",Coagulation cascade activation causes CC chemokine receptor-2 gene expression and mononuclear cell activation in hemodialysis patients.,"Priming of the coagulation cascade during hemodialysis (HD) leads to the release of activated factor X (FXa). The binding of FXa to its specific receptors, effector protease receptor-1 (EPR-1) and protease-activated receptor-2 (PAR-2), may induce the activation of peripheral blood mononuclear cells (PBMC) and promote a chronic inflammatory state that is responsible for several HD-related morbidities. In the attempt to elucidate the mechanisms underlying the coagulation-associated inflammation in HD, 10 HD p",Journal of the American Society of Nephrology : JASN,"Giovanni Pertosa, Simona Simone, Michela Soccio, Daniela Marrone, Loreto Gesualdo, Francesco Paolo Schena, Giuseppe Grandaliano"," Division of Nephrology, Department of Emergency and Transplantation, University of Bari, Policlinico, Piazza Giulio Cesare 11, Bari 70124, Italy.",2005 Aug;16(8):2477-86,10.1681/asn.2004070621
16080170,20050812,article,xref,"Animals,Biocompatible Materials,Ectodysplasins,Histocompatibility Antigens Class II,Inflammation,Intercellular Adhesion Molecule-1,Materials Testing,Membrane Proteins,Polyvinyls,Rats,Rats, Wistar,Starch","adverse effects,biosynthesis,chemically induced,methods,pathology","D013213 Q000009 YN,D018799 Q000096 NN,D007249 Q000139 NN,D001672 Q000009 YN,D000949 Q000096 NN,D008565 Q000096 NN,D008422 Q000379 YN,D011145 Q000009 YN,D007249 Q000473 NN","176,14496","129071275,129237539",An in vivo study of the host response to starch-based polymers and composites subcutaneously implanted in rats.,"Implant failure is one of the major concerns in the biomaterials field. Several factors have been related to the fail but in general these biomaterials do not exhibit comparable physical, chemical or biological properties to natural tissues and ultimately, these devices can lead to chronic inflammation and foreign-body reactions. Starch-based biodegradable materials and composites have shown promising properties for a wide range of biomedical applications as well as a reduced capacity to elicit a strong rea",Macromolecular bioscience,"Alexandra P Marques, Rui L Reis, John A Hunt"," Department of Polymer Engineering, University of Minho, Campus de Azurém, 4810-058 Guimarães, Portugal. apmarques@dep.uminho.pt",2005 Aug;5(8):775-85,10.1002/mabi.200500010
17812263,19811218,article,NULL,NULL,NULL,NULL,NULL,NULL,Chemical self-defense by termite workers: prevention of autotoxication in two rhinotermitids.,"Soldiers of the lower termites Prorhinotermes simplex and Schedorhinotermes lamanianus (Isoptera, Rhinotermitidae) have electrophilic contact poisons used in colony defense. Workers of these termites die when exposed to the defense secretion of the other species, but survive when exposed to chemicals from conspecific soldiers. Detoxication occurs by an initial substrate-specific reduction of the electron-deficient double bond of the nitroalkene (Prorhinotermes simplex) or vinyl ketone (Schedorhinotermes lam","Science (New York, N.Y.)","S G Spanton, G D Prestwich",NULL,1981 Dec;214(4527):1363-5,10.1126/science.214.4527.1363
29634114,20161101,article,mesh,"Antioxidants,Ficus,Free Radical Scavengers,Inhibitory Concentration 50,Oxidative Stress,Plant Bark,Plant Extracts,Plant Leaves,Plant Stems,South Africa","administration &amp; dosage,chemistry,drug effects,isolation &amp; purification,pharmacology","D010936 Q000737 NN,D018384 Q000187 NN,D016166 Q000008 NN,D016166 Q000737 NN,D016166 Q000494 NY,D000975 Q000302 NN,D030681 Q000737 NY,D010936 Q000494 NY,D000975 Q000737 NN,D000975 Q000494 NY,D010936 Q000008 NN",NULL,NULL,CHEMICAL CONSTITUENTS AND IN VITRO ANTIOXIDANT ACTIVITY OF CRUDE EXTRACTS AND COMPOUNDS FROM LEAVES AND STEM BARK OF FICUS BURTT-DAVYI.,"Ficus buit-davyi, (Moraceae), is an endemic species of South Africa. In this study, a phytochemical analysis of the leaves and stem bark of F. burt-davyi resulted in the isolation of five triterpenes (lupeol, lupeol acetate, β-sitosterol, stigmasterol and campesterol), one carotenoid (lutein), a pheophytin (phytyl-7-ethyl-25- (methoxycarbonyl)-3,8,13,17-tetramethyl-26-oxo- 12-vinyl-17,18-dihydro-2,20-ethanoporphyrin- 1 8-propanoate or pheophytin a) and one flavonoid (+)-catechin). The in viti antioxidant st",Acta poloniae pharmaceutica,"Olumuyiwa O Ogunlaja, Roshila Moodley, Himansu Baijnath, Sreekantha B Jonnalagadda",NULL,2016 Nov;73(6):1593-1600,NULL
